CODE (PAP),ITEM DESCRIPTION,CATEGORY,QUANTITY,UNIT,ABC,TOTAL ABC,CLASSIFICATION,EPA (Yes/No),END-USER,PPMP ENDORSEMENT DATE,PPMP NO.,MARKET SCOPING CONDUCTED,MARKET SCOPING TIMELINE,PROCUREMENT STRATEGY OR TOOLS,SOURCE OF FUNDS,CAF NO.,PR DATE,PR NO.,PR QUANTITY,PR ABC,PR TOTAL ABC,DATE ENDORSED (BUDGET),PR DATE ENDORSED TO PROCUREMENT,MOOE,CAPITAL OUTLAY,PRE-PROCUREMENT CONFERENCE,POSTING DATE,PHILGEPS REFERENCE NO.,PROJECT ID,PRE-BID CONFERENCE,ELIGIBILITY SCREENING,SUBMISSION OF BIDS,DETAILED BID EVALUATION,DEADLINE FOR SUBMISSION OF DOCUMENTARY REQUIREMENTS ,POST-QUALIFICATION,RECOMMENDATION OF AWARD,SUBMISSION OF PERFORMANCE SECURITY,TRANSMITTAL OF DOCUMENTS,TRANSMITTAL OF DOCUMENTS (MMS),EVALUATION AND AWARD CRITERIA,NOA DATE,NOA RECEIVED DATE,NTP DATE,NTP RECEIVED DATE,BAC RESOLUTION NO.,DATE PREPARED (PO),PO NO.,SP NO.,SUPPLIER,PO RECEIVED BY SUPPLIER,PO QUANTITY,PO UNIT COST,PO TOTAL COST,DATE ENDORSED TO BUDGET (PO),DATE RETURNED TO PROCUREMENT,MOOE (PO),CAPITAL OUTLAY (PO),DELIVERY/COMPLETION,INSPECTION AND ACCEPTANCE,STATUS,PROCUREMENT METHOD,PROCUREMENT METHOD PO,APP CLASSIFICATION,PROJECT TITLE,BID ATTEMPT,REMARKS,ITB/BID DOCS LINK,"RETURN ATTEMPTS
(Documents)",TYPE OF DOCUMENT RETURNED,DETAILS (1st Return),DETAILS (2nd Return),DETAILS (3rd Return),DETAILS (4th Return),DETAILS (5th Return)
1178,Arterial Blood Gas Reagents,Medical Supply,"42,000",Set,300.00,"12,600,000.00",Goods and Services,Yes,Pulmonary Unit,September 2025,0001,x-x-x-x-x,March to July 2025,None,NEP/GAA 2026,2025-3391,"September 24, 2025",26-01-0001,"42,000",300.00,"12,600,000.00",,"September 24, 2025","12,600,000.00",,"October 10, 2025","October 15, 2025",12488876,2601-GOODS-01A,"October 23, 2025","November 7, 2025","November 7, 2025","November 13, 2025","November 19, 2026","November 20, 2025","November 25, 2026","January 15, 2026","March 27, 2026",,LCRB / SCRB,"January 7, 2026","June 14, 2026",,,,,,,MARSMAN DRYSDALE MEDICAL PRODUCTS INC.,,"42,000",141.00,"5,922,000.00",,,"5,922,000.00",,,,Awarded,(RA 12009) Section 27: Competitive Bidding,,Main APP,Supply and Delivery of Arterial Blood Gas Sample/Reagents (Early Procurement Activities) FY 2026,Initial,,bit.ly/ABGEPAFY2026,,,,,,,
1179,"MEDICAL COMPRESSED AIR IN CYLINDER TANK (Content Only Atleast 40L, 1800 PSI, Standard)",Other Equipment,"2,000",Tank,600.00,"1,200,000.00",Goods and Services,Yes,EFM - Medical Gas Plant,September 2025,0001,x-x-x-x-x,March to July 2025,None,NEP/GAA 2026,2025-3616,"October 22, 2025",26-01-0012,500,550.00,"275,000.00",,"October 22, 2025","275,000.00",,"November 3, 2025","November 6, 2025",12556542,2601-GOODS-08A,"November 13, 2025","November 26, 2025","November 26, 2025","November 28, 2025","November 28, 2025","November 28, 2025","November 28, 2025","January 19, 2026","January 28, 2026",,LCRB / SCRB,"January 5, 2026","January 13, 2026",,,2025-11-28-0744,,,,PREMIUM GASES CORPORATION,,"2,000",600.00,"1,200,000.00",,,"1,200,000.00",,,,Awarded,(RA 12009) Section 27: Competitive Bidding,,Main APP,Supply and Delivery of Medical Oxygen and Compressed Air in Cylinder Tanks for FY 2026 (Early Procurement Activities),Initial,,bit.ly/MEDICALOXYGENFY2026EPA,,,,,,,
1180,"MEDICAL OXYGEN IN CYLINDER TANK (Content Only Atleast 40L, 1800 PSI, Standard)",Other Equipment,500,Tank,550.00,"275,000.00",Goods and Services,Yes,EFM - Medical Gas Plant,September 2025,0001,x-x-x-x-x,March to July 2025,None,NEP/GAA 2026,2025-3616,"October 22, 2025",26-01-0012,"2,000",600.00,"1,200,000.00",,"October 22, 2025","1,200,000.00",,"November 3, 2025","November 6, 2025",12556542,2601-GOODS-08A,"November 13, 2025","November 26, 2025","November 26, 2025","November 28, 2025","November 28, 2025","November 28, 2025","November 28, 2025","January 19, 2026","January 28, 2026",,LCRB / SCRB,"January 5, 2026","January 13, 2026",,,2025-11-28-0744,,,,PREMIUM GASES CORPORATION,,500,500.00,"250,000.00",,,"250,000.00",,,,Awarded,(RA 12009) Section 27: Competitive Bidding,,Main APP,Supply and Delivery of Medical Oxygen and Compressed Air in Cylinder Tanks for FY 2026 (Early Procurement Activities),Initial,,bit.ly/MEDICALOXYGENFY2026EPA,,,,,,,
1181,Supply and Delivery of Consumables for dialysis with provisions of HD & PD Unit (Lease Per Treatment Scheme),Services and Consultancy,1,Lot,"102,354,890.00",0.00,Goods and Services,Yes,RCWM-HD,September 2025,0001,x-x-x-x-x,March to July 2025,None,NEP/GAA 2026,3551,"October 2, 2025",26-01-0004,1,"102,354,890.00",0.00,,"October 2, 2025",0.00,,"October 22, 2025","November 18, 2025",12592491,2601-GOODS-05A,"November 25, 2025","December 10, 2025","December 10, 2025",,N/A,N/A,,,,,LCRB / SCRB,,,,,,,,,,,,,,,,,,,,Realigned Item,(RA 12009) Section 27: Competitive Bidding,,Main APP,Supply and Delivery of Consumables (Lease for Treatment Scheme) for Dialysis with Installation and Commissioning of Upgraded Brand New Dialysis Machines and Renovation of HD and PD (Early Procurement Activities) for FY 2026,Initial,realigned (Change ABC),,,,,,,,
1182,Contract Security Services,Services and Consultancy,1,Lot,"27,156,600.00","27,156,600.00",Goods and Services,Yes,Security Unit,September 2025,0001,x-x-x-x-x,March to July 2025,None,NEP/GAA 2026,2025-3390,"October 1, 2025",26-01-0002,1,"27,156,600.00","27,156,600.00",,"October 1, 2025","27,156,600.00",,"October 6, 2025","October 8, 2025",12464385,2601-GOODS-02A,"October 16, 2025","October 30, 2025","October 30, 2025","November 3, 2025","November 10, 2025","November 11, 2025","November 21, 2026","January 5, 2026","February 2, 2026",,LCRB / SCRB,"January 1, 2026","January 6, 2026",,,2025-11-21-0734,,,,PICHEL SECURITY SERVICES,,1,"25,751,276.40","25,751,276.40",,,"25,751,276.40",,,,Awarded,(RA 12009) Section 27: Competitive Bidding,,Main APP,Procurement of Security Services for FY 2026 (Early Procurement Activities),Initial,,bit.ly/SECURITYSERVICESFY2026EPA,,,,,,,
1183,Training (Inhouse): Venue and Catering (Hotel),Training Expenses,"3,000",Pax,671.00,"2,013,000.00",Goods and Services,Yes,PET-RO,September 2025,0001,x-x-x-x-x,March to July 2025,None,NEP/GAA 2026,2025-3617,"October 1, 2025",26-01-0003,"3,000",671.00,0.00,,"October 1, 2025",0.00,,"October 6, 2025","October 8, 2025",12464131,2601-GOODS-03A,"October 16, 2025","October 30, 2025","October 30, 2025","November 3, 2025",N/A,N/A,,,,,LCRB / SCRB,,,,,,,,,,,,,0.00,,,,,,,Failed,(RA 12009) Section 27: Competitive Bidding,,Main APP,"Procurement of Venue, Catering Services, Hotel Accommodation and Meals and Snacks for FY 2026 (Early Procurement Activities)",Initial,,bit.ly/VENUEANDCATERING2026EPA,,,,,,,
1183,Training (Inhouse): Venue and Catering (Hotel),Training Expenses,"3,000",Pax,671.00,0.00,Goods and Services,Yes,PET-RO,September 2025,0001,x-x-x-x-x,March to July 2025,None,NEP/GAA 2026,2025-3617,"October 1, 2025",26-01-0003,"3,000",671.00,"2,013,000.00",,"October 1, 2025","2,013,000.00",,N/A,N/A,N/A,0043 (LR-03-0043),N/A,"March 11, 2026","March 11, 2026","March 11, 2026",N/A,N/A,,N/A,,,LCRB / SCRB,"March 10, 2026","March 12, 2026",,,2026-03-10-0035,,,,GRAND ASTORIA HOTEL,,"3,000",670.00,"2,010,000.00",,,"2,010,000.00",,,,Awarded,(RA 12009) Section 35.9: Lease of Real Property or Venue,,Main APP,"Lease of Venue, Catering and Hotel Accmmodation Services for Training Activities",Initial,,bit.ly/VENUEANDCATERING2026EPA,,,,,,,
1183,Training (Inhouse): Venue and Catering (Hotel),Training Expenses,"3,000",Pax,671.00,0.00,Goods and Services,Yes,PET-RO,September 2025,0001,x-x-x-x-x,March to July 2025,None,NEP/GAA 2026,2025-3617,"October 1, 2025",26-01-0003,"3,000",671.00,0.00,,"October 1, 2025",0.00,,N/A,N/A,N/A,0043 (LR-03-0043),N/A,"March 11, 2026","March 11, 2026","March 11, 2026",N/A,N/A,"March 10, 2026",N/A,,,LCRB / SCRB,"March 10, 2026","March 12, 2026","March 13, 2026","March 30, 2026",2026-03-10-0035,"March 13, 2026",26-03-0079,,GRAND ASTORIA HOTEL,"March 30, 2026",302,670.00,"202,340.00","March 17, 2026","March 30, 2026","202,340.00",,,,Purchase Order,(RA 12009) Section 35.9: Lease of Real Property or Venue,(RA 12009) Section 35.9: Lease of Real Property or Venue,Main APP,"Lease of Venue, Catering and Hotel Accmmodation Services for Training Activities",Initial,,bit.ly/VENUEANDCATERING2026EPA,,,,,,,
1183,Training (Inhouse): Venue and Catering (Hotel),Training Expenses,"3,000",Pax,671.00,0.00,Goods and Services,Yes,PET-RO,September 2025,0001,x-x-x-x-x,March to July 2025,None,NEP/GAA 2026,2025-3617,"October 1, 2025",26-01-0003,"3,000",671.00,0.00,,"October 1, 2025",0.00,,N/A,N/A,N/A,0043 (LR-03-0043),N/A,"March 11, 2026","March 11, 2026","March 11, 2026",N/A,N/A,"March 10, 2026",N/A,,,LCRB / SCRB,"March 10, 2026","March 12, 2026","April 6, 2026",,2026-03-10-0035,"April 6, 2026",26-04-0137,,GRAND ASTORIA HOTEL,,180,670.00,"120,600.00",,,"120,600.00",,,,Purchase Order,(RA 12009) Section 35.9: Lease of Real Property or Venue,(RA 12009) Section 35.9: Lease of Real Property or Venue,Main APP,"Lease of Venue, Catering and Hotel Accmmodation Services for Training Activities",Initial,,bit.ly/VENUEANDCATERING2026EPA,,,,,,,
1183,Training (Inhouse): Venue and Catering (Hotel),Training Expenses,"3,000",Pax,671.00,0.00,Goods and Services,Yes,PET-RO,September 2025,0001,x-x-x-x-x,March to July 2025,None,NEP/GAA 2026,2025-3617,"October 1, 2025",26-01-0003,"3,000",671.00,0.00,,"October 1, 2025",0.00,,N/A,N/A,N/A,0043 (LR-03-0043),N/A,"March 11, 2026","March 11, 2026","March 11, 2026",N/A,N/A,"March 10, 2026",N/A,,,LCRB / SCRB,"March 10, 2026","March 12, 2026","May 4, 2026",,2026-03-10-0035,"May 4, 2026",26-05-0236,,GRAND ASTORIA HOTEL,,270,670.00,"180,900.00",,,"180,900.00",,,,Purchase Order,(RA 12009) Section 35.9: Lease of Real Property or Venue,(RA 12009) Section 35.9: Lease of Real Property or Venue,Main APP,"Lease of Venue, Catering and Hotel Accmmodation Services for Training Activities",Initial,,bit.ly/VENUEANDCATERING2026EPA,,,,,,,
1183,Training (Inhouse): Venue and Catering (Hotel),Training Expenses,"3,000",Pax,671.00,0.00,Goods and Services,Yes,PET-RO,September 2025,0001,x-x-x-x-x,March to July 2025,None,NEP/GAA 2026,2025-3617,"October 1, 2025",26-01-0003,"3,000",671.00,0.00,,"October 1, 2025",0.00,,N/A,N/A,N/A,0043 (LR-03-0043),N/A,"March 11, 2026","March 11, 2026","March 11, 2026",N/A,N/A,"March 10, 2026",N/A,,,LCRB / SCRB,"March 10, 2026","March 12, 2026","May 25, 2026",,2026-03-10-0035,"May 25, 2026",26-05-0336,,GRAND ASTORIA HOTEL,,485,670.00,"324,950.00",,,"324,950.00",,,,Purchase Order,(RA 12009) Section 35.9: Lease of Real Property or Venue,(RA 12009) Section 35.9: Lease of Real Property or Venue,Main APP,"Lease of Venue, Catering and Hotel Accmmodation Services for Training Activities",Initial,,bit.ly/VENUEANDCATERING2026EPA,,,,,,,
1183,Training (Inhouse): Venue and Catering (Hotel),Training Expenses,"3,000",Pax,671.00,0.00,Goods and Services,Yes,PET-RO,September 2025,0001,x-x-x-x-x,March to July 2025,None,NEP/GAA 2026,2025-3617,"October 1, 2025",26-01-0003,"3,000",671.00,0.00,,"October 1, 2025",0.00,,N/A,N/A,N/A,0043 (LR-03-0043),N/A,"March 11, 2026","March 11, 2026","March 11, 2026",N/A,N/A,"March 10, 2026",N/A,,,LCRB / SCRB,"March 10, 2026","March 12, 2026","March 19, 2026","April 8, 2026",2026-03-10-0035,"March 19, 2026",26-03-0103,,GRAND ASTORIA HOTEL,"April 8, 2026",105,670.00,"70,350.00","March 23, 2026","April 8, 2026","70,350.00",,,,Purchase Order,(RA 12009) Section 35.9: Lease of Real Property or Venue,(RA 12009) Section 35.9: Lease of Real Property or Venue,Main APP,"Lease of Venue, Catering and Hotel Accmmodation Services for Training Activities",Initial,,bit.ly/VENUEANDCATERING2026EPA,,,,,,,
1183,Training (Inhouse): Venue and Catering (Hotel),Training Expenses,"3,000",Pax,671.00,0.00,Goods and Services,Yes,PET-RO,September 2025,0001,x-x-x-x-x,March to July 2025,None,NEP/GAA 2026,2025-3617,"October 1, 2025",26-01-0003,"3,000",671.00,0.00,,"October 1, 2025",0.00,,N/A,N/A,N/A,0043 (LR-03-0043),N/A,"March 11, 2026","March 11, 2026","March 11, 2026",N/A,N/A,"March 10, 2026",N/A,,,LCRB / SCRB,"March 10, 2026","March 12, 2026","April 13, 2026",,2026-03-10-0035,"April 13, 2026",26-07-0542,,GRAND ASTORIA HOTEL,,330,670.00,"221,100.00",,,"221,100.00",,,,Purchase Order,(RA 12009) Section 35.9: Lease of Real Property or Venue,(RA 12009) Section 35.9: Lease of Real Property or Venue,Main APP,"Lease of Venue, Catering and Hotel Accmmodation Services for Training Activities",Initial,,bit.ly/VENUEANDCATERING2026EPA,,,,,,,
1183,Training (Inhouse): Venue and Catering (Hotel),Training Expenses,"3,000",Pax,671.00,0.00,Goods and Services,Yes,PET-RO,September 2025,0001,x-x-x-x-x,March to July 2025,None,NEP/GAA 2026,2025-3617,"October 1, 2025",26-01-0003,"3,000",671.00,0.00,,"October 1, 2025",0.00,,N/A,N/A,N/A,0043 (LR-03-0043),N/A,"March 11, 2026","March 11, 2026","March 11, 2026",N/A,N/A,"March 10, 2026",N/A,,,LCRB / SCRB,"March 10, 2026","March 12, 2026","July 17, 2026",,2026-03-10-0035,"July 17, 2026",26-07-0560,,GRAND ASTORIA HOTEL,,50,670.00,"33,500.00",,,"33,500.00",,,,Purchase Order,(RA 12009) Section 35.9: Lease of Real Property or Venue,(RA 12009) Section 35.9: Lease of Real Property or Venue,Main APP,"Lease of Venue, Catering and Hotel Accmmodation Services for Training Activities",Initial,,bit.ly/VENUEANDCATERING2026EPA,,,,,,,
1183,Training (Inhouse): Venue and Catering (Hotel),Training Expenses,"3,000",Pax,671.00,0.00,Goods and Services,Yes,PET-RO,September 2025,0001,x-x-x-x-x,March to July 2025,None,NEP/GAA 2026,2025-3617,"October 1, 2025",26-01-0003,"3,000",671.00,0.00,,"October 1, 2025",0.00,,N/A,N/A,N/A,0043 (LR-03-0043),N/A,"March 11, 2026","March 11, 2026","March 11, 2026",N/A,N/A,"March 10, 2026",N/A,,,LCRB / SCRB,"March 10, 2026","March 12, 2026","August 5, 2026",,2026-03-10-0035,"August 5, 2026",26-08-0620,,GRAND ASTORIA HOTEL,,50,670.00,"33,500.00",,,"33,500.00",,,,Purchase Order,(RA 12009) Section 35.9: Lease of Real Property or Venue,(RA 12009) Section 35.9: Lease of Real Property or Venue,Main APP,"Lease of Venue, Catering and Hotel Accmmodation Services for Training Activities",Initial,,bit.ly/VENUEANDCATERING2026EPA,,,,,,,
1183,Training (Inhouse): Venue and Catering (Hotel),Training Expenses,"3,000",Pax,671.00,0.00,Goods and Services,Yes,PET-RO,September 2025,0001,x-x-x-x-x,March to July 2025,None,NEP/GAA 2026,2025-3617,"October 1, 2025",26-01-0003,"3,000",671.00,0.00,,"October 1, 2025",0.00,,N/A,N/A,N/A,0043 (LR-03-0043),N/A,"March 11, 2026","March 11, 2026","March 11, 2026",N/A,N/A,"March 10, 2026",N/A,,,LCRB / SCRB,"March 10, 2026","March 12, 2026","August 7, 2026",,2026-03-10-0035,"August 7, 2026",26-08-0634,,GRAND ASTORIA HOTEL,,170,670.00,"113,900.00",,,"113,900.00",,,,Purchase Order,(RA 12009) Section 35.9: Lease of Real Property or Venue,(RA 12009) Section 35.9: Lease of Real Property or Venue,Main APP,"Lease of Venue, Catering and Hotel Accmmodation Services for Training Activities",Initial,,bit.ly/VENUEANDCATERING2026EPA,,,,,,,
1183,Training (Inhouse): Venue and Catering (Hotel),Training Expenses,"3,000",Pax,671.00,0.00,Goods and Services,Yes,PET-RO,September 2025,0001,x-x-x-x-x,March to July 2025,None,NEP/GAA 2026,2025-3617,"October 1, 2025",26-01-0003,"3,000",671.00,0.00,,"October 1, 2025",0.00,,N/A,N/A,N/A,0043 (LR-03-0043),N/A,"March 11, 2026","March 11, 2026","March 11, 2026",N/A,N/A,"March 10, 2026",N/A,,,LCRB / SCRB,"March 10, 2026","March 12, 2026","August 18, 2026",,2026-03-10-0035,"August 18, 2026",26-08-0675,,GRAND ASTORIA HOTEL,,120,670.00,"80,400.00",,,"80,400.00",,,,Purchase Order,(RA 12009) Section 35.9: Lease of Real Property or Venue,(RA 12009) Section 35.9: Lease of Real Property or Venue,Main APP,"Lease of Venue, Catering and Hotel Accmmodation Services for Training Activities",Initial,,bit.ly/VENUEANDCATERING2026EPA,,,,,,,
1184,Training (Inhouse): Packed 1 Snack only (For Delivery),Training Expenses,480,Pax,155.00,"74,400.00",Goods and Services,Yes,OB-Gyne,September 2025,0001,x-x-x-x-x,March to July 2025,None,NEP/GAA 2026,2025-3617,"October 1, 2025",26-01-0003,480,155.00,"74,400.00",,"October 1, 2025","74,400.00",,"October 6, 2025","October 8, 2025",12464131,2601-GOODS-03A,"October 16, 2025","October 30, 2025","October 30, 2025","November 3, 2025",N/A,N/A,,,,,LCRB / SCRB,,,,,,,,,,,,,0.00,,,,,,,Failed,(RA 12009) Section 27: Competitive Bidding,,Main APP,"Procurement of Venue, Catering Services, Hotel Accommodation and Meals and Snacks for FY 2026 (Early Procurement Activities)",Initial,,bit.ly/VENUEANDCATERING2026EPA,,,,,,,
1185,Training (Inhouse): Venue and Catering (Hotel),Training Expenses,415,Pax,671.00,"278,465.00",Goods and Services,Yes,OCAO,September 2025,0001,x-x-x-x-x,March to July 2025,None,NEP/GAA 2026,2025-3617,"October 1, 2025",26-01-0003,415,671.00,0.00,,"October 1, 2025",0.00,,"October 6, 2025","October 8, 2025",12464131,2601-GOODS-03A,"October 16, 2025","October 30, 2025","October 30, 2025","November 3, 2025",N/A,N/A,,,,,LCRB / SCRB,,,,,,,,,,,,,0.00,,,,,,,Failed,(RA 12009) Section 27: Competitive Bidding,,Main APP,"Procurement of Venue, Catering Services, Hotel Accommodation and Meals and Snacks for FY 2026 (Early Procurement Activities)",Initial,,bit.ly/VENUEANDCATERING2026EPA,,,,,,,
1185,Training (Inhouse): Venue and Catering (Hotel),Training Expenses,415,Pax,671.00,0.00,Goods and Services,Yes,OCAO,September 2025,0001,x-x-x-x-x,March to July 2025,None,NEP/GAA 2026,2025-3617,"October 1, 2025",26-01-0003,415,671.00,"278,465.00",,"October 1, 2025","278,465.00",,N/A,N/A,N/A,0043 (LR-03-0043),N/A,"March 11, 2026","March 11, 2026","March 11, 2026",N/A,N/A,,N/A,,,LCRB / SCRB,"March 10, 2026","March 12, 2026",,,2026-03-10-0035,,,,GRAND ASTORIA HOTEL,,415,670.00,"278,050.00",,,"278,050.00",,,,Awarded,(RA 12009) Section 35.9: Lease of Real Property or Venue,,Main APP,"Lease of Venue, Catering and Hotel Accmmodation Services for Training Activities",Initial,,bit.ly/VENUEANDCATERING2026EPA,,,,,,,
1185,Training (Inhouse): Venue and Catering (Hotel),Training Expenses,415,Pax,671.00,0.00,Goods and Services,Yes,OCAO,September 2025,0001,x-x-x-x-x,March to July 2025,None,NEP/GAA 2026,2025-3617,"October 1, 2025",26-01-0003,415,671.00,0.00,,"October 1, 2025",0.00,,N/A,N/A,N/A,0043 (LR-03-0043),N/A,"March 11, 2026","March 11, 2026","March 11, 2026",N/A,N/A,"March 10, 2026",N/A,,,LCRB / SCRB,"March 10, 2026","March 12, 2026","March 13, 2026","March 30, 2026",2026-03-10-0035,"March 13, 2026",26-03-0079,,GRAND ASTORIA HOTEL,"March 30, 2026",80,670.00,"53,600.00","March 17, 2026","March 30, 2026","53,600.00",,,,Purchase Order,(RA 12009) Section 35.9: Lease of Real Property or Venue,(RA 12009) Section 35.9: Lease of Real Property or Venue,Main APP,"Lease of Venue, Catering and Hotel Accmmodation Services for Training Activities",Initial,,bit.ly/VENUEANDCATERING2026EPA,,,,,,,
1185,Training (Inhouse): Venue and Catering (Hotel),Training Expenses,415,Pax,671.00,0.00,Goods and Services,Yes,OCAO,September 2025,0001,x-x-x-x-x,March to July 2025,None,NEP/GAA 2026,2025-3617,"October 1, 2025",26-01-0003,415,671.00,0.00,,"October 1, 2025",0.00,,N/A,N/A,N/A,0043 (LR-03-0043),N/A,"March 11, 2026","March 11, 2026","March 11, 2026",N/A,N/A,"March 10, 2026",N/A,,,LCRB / SCRB,"March 10, 2026","March 12, 2026","May 7, 2026","March 30, 2026",2026-03-10-0035,"May 7, 2026",26-05-0264,,GRAND ASTORIA HOTEL,,60,670.00,"40,200.00",,,"40,200.00",,,,Purchase Order,(RA 12009) Section 35.9: Lease of Real Property or Venue,(RA 12009) Section 35.9: Lease of Real Property or Venue,Main APP,"Lease of Venue, Catering and Hotel Accmmodation Services for Training Activities",Initial,,bit.ly/VENUEANDCATERING2026EPA,,,,,,,
1185,Training (Inhouse): Venue and Catering (Hotel),Training Expenses,415,Pax,671.00,0.00,Goods and Services,Yes,OCAO,September 2025,0001,x-x-x-x-x,March to July 2025,None,NEP/GAA 2026,2025-3617,"October 1, 2025",26-01-0003,415,671.00,0.00,,"October 1, 2025",0.00,,N/A,N/A,N/A,0043 (LR-03-0043),N/A,"March 11, 2026","March 11, 2026","March 11, 2026",N/A,N/A,"March 10, 2026",N/A,,,LCRB / SCRB,"March 10, 2026","March 12, 2026","May 7, 2026","March 30, 2026",2026-03-10-0035,"May 7, 2026",26-05-0265,,GRAND ASTORIA HOTEL,,80,670.00,"53,600.00",,,"53,600.00",,,,Purchase Order,(RA 12009) Section 35.9: Lease of Real Property or Venue,(RA 12009) Section 35.9: Lease of Real Property or Venue,Main APP,"Lease of Venue, Catering and Hotel Accmmodation Services for Training Activities",Initial,,bit.ly/VENUEANDCATERING2026EPA,,,,,,,
1185,Training (Inhouse): Venue and Catering (Hotel),Training Expenses,415,Pax,671.00,0.00,Goods and Services,Yes,OCAO,September 2025,0001,x-x-x-x-x,March to July 2025,None,NEP/GAA 2026,2025-3617,"October 1, 2025",26-01-0003,415,671.00,0.00,,"October 1, 2025",0.00,,N/A,N/A,N/A,0043 (LR-03-0043),N/A,"March 11, 2026","March 11, 2026","March 11, 2026",N/A,N/A,"March 10, 2026",N/A,,,LCRB / SCRB,"March 10, 2026","March 12, 2026","August 6, 2026",,2026-03-10-0035,"August 6, 2026",26-08-0627,,GRAND ASTORIA HOTEL,,35,670.00,"23,450.00",,,"23,450.00",,,,Purchase Order,(RA 12009) Section 35.9: Lease of Real Property or Venue,(RA 12009) Section 35.9: Lease of Real Property or Venue,Main APP,"Lease of Venue, Catering and Hotel Accmmodation Services for Training Activities",Initial,,bit.ly/VENUEANDCATERING2026EPA,,,,,,,
1186,Training (Inhouse): Venue and Catering with Decorations (Hotel),Training Expenses,395,Pax,723.00,"285,585.00",Goods and Services,Yes,MSS,September 2025,0001,x-x-x-x-x,March to July 2025,None,NEP/GAA 2026,2025-3617,"October 1, 2025",26-01-0003,395,723.00,0.00,,"October 1, 2025",0.00,,"October 6, 2025","October 8, 2025",12464131,2601-GOODS-03A,"October 16, 2025","October 30, 2025","October 30, 2025","November 3, 2025",N/A,N/A,,,,,LCRB / SCRB,,,,,,,,,,,,,0.00,,,,,,,Failed,(RA 12009) Section 27: Competitive Bidding,,Main APP,"Procurement of Venue, Catering Services, Hotel Accommodation and Meals and Snacks for FY 2026 (Early Procurement Activities)",Initial,,bit.ly/VENUEANDCATERING2026EPA,,,,,,,
1186,Training (Inhouse): Venue and Catering with Decorations (Hotel),Training Expenses,395,Pax,723.00,0.00,Goods and Services,Yes,MSS,September 2025,0001,x-x-x-x-x,March to July 2025,None,NEP/GAA 2026,2025-3617,"October 1, 2025",26-01-0003,395,723.00,"285,585.00",,"October 1, 2025","285,585.00",,N/A,N/A,N/A,0043 (LR-03-0043),N/A,"March 11, 2026","March 11, 2026","March 11, 2026",N/A,N/A,,N/A,,,LCRB / SCRB,"March 10, 2026","March 12, 2026",,,2026-03-10-0035,,,,GRAND ASTORIA HOTEL,,395,720.00,"284,400.00",,,"284,400.00",,,,Awarded,(RA 12009) Section 35.9: Lease of Real Property or Venue,,Main APP,"Lease of Venue, Catering and Hotel Accmmodation Services for Training Activities",Initial,,bit.ly/VENUEANDCATERING2026EPA,,,,,,,
1186,Training (Inhouse): Venue and Catering with Decorations (Hotel),Training Expenses,395,Pax,723.00,0.00,Goods and Services,Yes,MSS,September 2025,0001,x-x-x-x-x,March to July 2025,None,NEP/GAA 2026,2025-3617,"October 1, 2025",26-01-0003,395,723.00,0.00,,"October 1, 2025",0.00,,N/A,N/A,N/A,0043 (LR-03-0043),N/A,"March 11, 2026","March 11, 2026","March 11, 2026",N/A,N/A,"March 10, 2026",N/A,,,LCRB / SCRB,"March 10, 2026","March 12, 2026","March 13, 2026","March 30, 2026",2026-03-10-0035,"March 13, 2026",26-03-0079,,GRAND ASTORIA HOTEL,"March 30, 2026",21,720.00,"15,120.00","March 17, 2026","March 30, 2026","15,120.00",,,,Purchase Order,(RA 12009) Section 35.9: Lease of Real Property or Venue,(RA 12009) Section 35.9: Lease of Real Property or Venue,Main APP,"Lease of Venue, Catering and Hotel Accmmodation Services for Training Activities",Initial,,bit.ly/VENUEANDCATERING2026EPA,,,,,,,
1186,Training (Inhouse): Venue and Catering with Decorations (Hotel),Training Expenses,395,Pax,723.00,0.00,Goods and Services,Yes,MSS,September 2025,0001,x-x-x-x-x,March to July 2025,None,NEP/GAA 2026,2025-3617,"October 1, 2025",26-01-0003,395,723.00,0.00,,"October 1, 2025",0.00,,N/A,N/A,N/A,0043 (LR-03-0043),N/A,"March 11, 2026","March 11, 2026","March 11, 2026",N/A,N/A,"March 10, 2026",N/A,,,LCRB / SCRB,"March 10, 2026","March 12, 2026","May 21, 2026",,2026-03-10-0035,"May 21, 2026",26-05-0323,,GRAND ASTORIA HOTEL,,125,720.00,"90,000.00",,,"90,000.00",,,,Purchase Order,(RA 12009) Section 35.9: Lease of Real Property or Venue,(RA 12009) Section 35.9: Lease of Real Property or Venue,Main APP,"Lease of Venue, Catering and Hotel Accmmodation Services for Training Activities",Initial,,bit.ly/VENUEANDCATERING2026EPA,,,,,,,
1186,Training (Inhouse): Venue and Catering with Decorations (Hotel),Training Expenses,395,Pax,723.00,0.00,Goods and Services,Yes,MSS,September 2025,0001,x-x-x-x-x,March to July 2025,None,NEP/GAA 2026,2025-3617,"October 1, 2025",26-01-0003,395,723.00,0.00,,"October 1, 2025",0.00,,N/A,N/A,N/A,0043 (LR-03-0043),N/A,"March 11, 2026","March 11, 2026","March 11, 2026",N/A,N/A,"March 10, 2026",N/A,,,LCRB / SCRB,"March 10, 2026","March 12, 2026","August 6, 2026",,2026-03-10-0035,"August 6, 2026",26-08-0628,,GRAND ASTORIA HOTEL,,154,670.00,"103,180.00",,,"103,180.00",,,,Purchase Order,(RA 12009) Section 35.9: Lease of Real Property or Venue,(RA 12009) Section 35.9: Lease of Real Property or Venue,Main APP,"Lease of Venue, Catering and Hotel Accmmodation Services for Training Activities",Initial,,bit.ly/VENUEANDCATERING2026EPA,,,,,,,
1186,Training (Inhouse): Venue and Catering with Decorations (Hotel),Training Expenses,395,Pax,723.00,0.00,Goods and Services,Yes,MSS,September 2025,0001,x-x-x-x-x,March to July 2025,None,NEP/GAA 2026,2025-3617,"October 1, 2025",26-01-0003,395,723.00,0.00,,"October 1, 2025",0.00,,N/A,N/A,N/A,0043 (LR-03-0043),N/A,"March 11, 2026","March 11, 2026","March 11, 2026",N/A,N/A,"March 10, 2026",N/A,,,LCRB / SCRB,"March 10, 2026","March 12, 2026","August 6, 2026",,2026-03-10-0035,"August 6, 2026",26-08-0629,,GRAND ASTORIA HOTEL,,94,670.00,"62,980.00",,,"62,980.00",,,,Purchase Order,(RA 12009) Section 35.9: Lease of Real Property or Venue,(RA 12009) Section 35.9: Lease of Real Property or Venue,Main APP,"Lease of Venue, Catering and Hotel Accmmodation Services for Training Activities",Initial,,bit.ly/VENUEANDCATERING2026EPA,,,,,,,
1187,Training (Inhouse): Venue and Catering (Hotel),Training Expenses,330,Pax,671.00,"221,430.00",Goods and Services,Yes,OB-Gyne,September 2025,0001,x-x-x-x-x,March to July 2025,None,NEP/GAA 2026,2025-3617,"October 1, 2025",26-01-0003,330,671.00,0.00,,"October 1, 2025",0.00,,"October 6, 2025","October 8, 2025",12464131,2601-GOODS-03A,"October 16, 2025","October 30, 2025","October 30, 2025","November 3, 2025",N/A,N/A,,,,,LCRB / SCRB,,,,,,,,,,,,,0.00,,,,,,,Failed,(RA 12009) Section 27: Competitive Bidding,,Main APP,"Procurement of Venue, Catering Services, Hotel Accommodation and Meals and Snacks for FY 2026 (Early Procurement Activities)",Initial,,bit.ly/VENUEANDCATERING2026EPA,,,,,,,
1187,Training (Inhouse): Venue and Catering (Hotel),Training Expenses,330,Pax,671.00,0.00,Goods and Services,Yes,OB-Gyne,September 2025,0001,x-x-x-x-x,March to July 2025,None,NEP/GAA 2026,2025-3617,"October 1, 2025",26-01-0003,50,671.00,"33,550.00",,"October 1, 2025","33,550.00",,,,,,,,,,N/A,N/A,,,,,LCRB / SCRB,,,,,,,,,,,,,0.00,,,,,,,Failed,(RA 12009) Section 27: Competitive Bidding,,Main APP,"Procurement of Venue, Catering Services, Hotel Accommodation and Meals and Snacks for FY 2026 (Early Procurement Activities)",Initial,,bit.ly/VENUEANDCATERING2026EPA,,,,,,,
1187,Training (Inhouse): Venue and Catering (Hotel),Training Expenses,330,Pax,671.00,0.00,Goods and Services,Yes,OB-Gyne,September 2025,0001,x-x-x-x-x,March to July 2025,None,NEP/GAA 2026,2025-3617,"October 1, 2025",26-01-0003,280,671.00,"187,880.00",,"October 1, 2025","187,880.00",,N/A,N/A,N/A,0043 (LR-03-0043),N/A,"March 11, 2026","March 11, 2026","March 11, 2026",N/A,N/A,,N/A,,,LCRB / SCRB,"March 10, 2026","March 12, 2026",,,2026-03-10-0035,,,,GRAND ASTORIA HOTEL,,280,670.00,"187,600.00",,,"187,600.00",,,,Awarded,(RA 12009) Section 35.9: Lease of Real Property or Venue,,Main APP,"Lease of Venue, Catering and Hotel Accmmodation Services for Training Activities",Initial,,bit.ly/VENUEANDCATERING2026EPA,,,,,,,
1187,Training (Inhouse): Venue and Catering (Hotel),Training Expenses,330,Pax,671.00,0.00,Goods and Services,Yes,OB-Gyne,September 2025,0001,x-x-x-x-x,March to July 2025,None,NEP/GAA 2026,2025-3617,"October 1, 2025",26-01-0003,280,671.00,0.00,,"October 1, 2025",0.00,,N/A,N/A,N/A,0043 (LR-03-0043),N/A,"March 11, 2026","March 11, 2026","March 11, 2026",N/A,N/A,"March 10, 2026",N/A,,,LCRB / SCRB,"March 10, 2026","March 12, 2026","July 20, 2026",,2026-03-10-0035,"July 20, 2026",26-07-0565,,GRAND ASTORIA HOTEL,,150,670.00,"100,500.00",,,"100,500.00",,,,Purchase Order,(RA 12009) Section 35.9: Lease of Real Property or Venue,(RA 12009) Section 35.9: Lease of Real Property or Venue,Main APP,"Lease of Venue, Catering and Hotel Accmmodation Services for Training Activities",Initial,,bit.ly/VENUEANDCATERING2026EPA,,,,,,,
1188,Training (Inhouse): Onsite Catering (Venue Other Than Hotel),Training Expenses,300,Pax,671.00,"201,300.00",Goods and Services,Yes,PET-RO,September 2025,0001,x-x-x-x-x,March to July 2025,None,NEP/GAA 2026,2025-3617,"October 1, 2025",26-01-0003,300,671.00,0.00,,"October 1, 2025",0.00,,"October 6, 2025","October 8, 2025",12464131,2601-GOODS-03A,"October 16, 2025","October 30, 2025","October 30, 2025","November 3, 2025",N/A,N/A,,,,,LCRB / SCRB,,,,,,,,,,,,,0.00,,,,,,,Failed,(RA 12009) Section 27: Competitive Bidding,,Main APP,"Procurement of Venue, Catering Services, Hotel Accommodation and Meals and Snacks for FY 2026 (Early Procurement Activities)",Initial,,bit.ly/VENUEANDCATERING2026EPA,,,,,,,
1189,Training (Inhouse): Onsite Catering (Venue Other Than Hotel),Training Expenses,300,Pax,671.00,0.00,Goods and Services,Yes,PET-RO,September 2025,0001,x-x-x-x-x,March to July 2025,None,NEP/GAA 2026,2025-3617,"October 1, 2025",26-01-0003,300,671.00,"201,300.00",,"October 1, 2025","201,300.00",,N/A,"February 9, 2026",12766242,0012 (SVP-02-0012),N/A,"February 16, 2026","February 16, 2026",,N/A,N/A,,N/A,,,LCRB / SCRB,"February 18, 2026","March 4, 2026",,,2026-02-18-0013,,,,MFM ENTERPRISES,,300,650.00,"195,000.00",,,"201,300.00",,,,Awarded,(RA 12009) Section 34: Small Value Procurement,,Main APP,"Procurement of Various Meals, Snacks and On-site Catering Services",Initial,,,,,,,,,
1189,Training (Inhouse): Onsite Catering (Venue Other Than Hotel),Training Expenses,300,Pax,671.00,0.00,Goods and Services,Yes,PET-RO,September 2025,0001,x-x-x-x-x,March to July 2025,None,NEP/GAA 2026,2025-3617,"October 1, 2025",26-01-0003,300,671.00,0.00,,"October 1, 2025",0.00,,N/A,"February 9, 2026",12766242,0012 (SVP-02-0012),N/A,"February 16, 2026","February 16, 2026",,N/A,N/A,"February 18, 2026",N/A,,,LCRB / SCRB,"February 18, 2026","March 4, 2026","April 7, 2026",,2026-02-18-0013,"April 7, 2026",26-05-0297,,MFM ENTERPRISES,,60,650.00,"39,000.00",,,"39,000.00",,,,Purchase Order,(RA 12009) Section 34: Small Value Procurement,(RA 12009) Section 34: Small Value Procurement,Main APP,"Procurement of Various Meals, Snacks and On-site Catering Services",Initial,,,,,,,,,
1190,Training (Inhouse): Packed 1 Snack only (For Delivery),Training Expenses,250,Pax,155.00,"38,750.00",Goods and Services,Yes,PET-RO,September 2025,0001,x-x-x-x-x,March to July 2025,None,NEP/GAA 2026,2025-3617,"October 1, 2025",26-01-0003,250,155.00,0.00,,"October 1, 2025",0.00,,"October 6, 2025","October 8, 2025",12464131,2601-GOODS-03A,"October 16, 2025","October 30, 2025","October 30, 2025","November 3, 2025",N/A,N/A,,,,,LCRB / SCRB,,,,,,,,,,,,,0.00,,,,,,,Failed,(RA 12009) Section 27: Competitive Bidding,,Main APP,"Procurement of Venue, Catering Services, Hotel Accommodation and Meals and Snacks for FY 2026 (Early Procurement Activities)",Initial,,bit.ly/VENUEANDCATERING2026EPA,,,,,,,
1191,Training (Inhouse): Packed 1 Snack only (For Delivery),Training Expenses,250,Pax,155.00,0.00,Goods and Services,Yes,PET-RO,September 2025,0001,x-x-x-x-x,March to July 2025,None,NEP/GAA 2026,2025-3617,"October 1, 2025",26-01-0003,250,155.00,"38,750.00",,"October 1, 2025","38,750.00",,N/A,"February 9, 2026",12766242,0012 (SVP-02-0012),N/A,"February 16, 2026","February 16, 2026",,N/A,N/A,,N/A,,,LCRB / SCRB,"February 18, 2026","March 4, 2026",,,2026-02-18-0013,,,,MFM ENTERPRISES,,250,148.00,"37,000.00",,,"23,680.00",,,,Awarded,(RA 12009) Section 34: Small Value Procurement,,Main APP,"Procurement of Various Meals, Snacks and On-site Catering Services",Initial,,,,,,,,,
1191,Training (Inhouse): Packed 1 Snack only (For Delivery),Training Expenses,250,Pax,155.00,0.00,Goods and Services,Yes,PET-RO,September 2025,0001,x-x-x-x-x,March to July 2025,None,NEP/GAA 2026,2025-3617,"October 1, 2025",26-01-0003,250,155.00,0.00,,"October 1, 2025",0.00,,N/A,"February 9, 2026",12766242,0012 (SVP-02-0012),N/A,"February 16, 2026","February 16, 2026",,N/A,N/A,"February 18, 2026",N/A,,,LCRB / SCRB,"February 18, 2026","March 4, 2026","May 14, 2026",,2026-02-18-0013,"May 14, 2026",26-05-0290,,MFM ENTERPRISES,,160,148.00,"23,680.00",,,"23,680.00",,,,Purchase Order,(RA 12009) Section 34: Small Value Procurement,(RA 12009) Section 34: Small Value Procurement,Main APP,"Procurement of Various Meals, Snacks and On-site Catering Services",Initial,,,,,,,,,
1192,Training (Inhouse): Venue and Catering with Decorations (Hotel),Training Expenses,240,Pax,723.00,"173,520.00",Goods and Services,Yes,OISE,September 2025,0001,x-x-x-x-x,March to July 2025,None,NEP/GAA 2026,2025-3617,"October 1, 2025",26-01-0003,240,723.00,0.00,,"October 1, 2025",0.00,,"October 6, 2025","October 8, 2025",12464131,2601-GOODS-03A,"October 16, 2025","October 30, 2025","October 30, 2025","November 3, 2025",N/A,N/A,,,,,LCRB / SCRB,,,,,,,,,,,,,0.00,,,,,,,Failed,(RA 12009) Section 27: Competitive Bidding,,Main APP,"Procurement of Venue, Catering Services, Hotel Accommodation and Meals and Snacks for FY 2026 (Early Procurement Activities)",Initial,,bit.ly/VENUEANDCATERING2026EPA,,,,,,,
1192,Training (Inhouse): Venue and Catering with Decorations (Hotel),Training Expenses,240,Pax,723.00,0.00,Goods and Services,Yes,OISE,September 2025,0001,x-x-x-x-x,March to July 2025,None,NEP/GAA 2026,2025-3617,"October 1, 2025",26-01-0003,240,723.00,"173,520.00",,"October 1, 2025","173,520.00",,N/A,N/A,N/A,0043 (LR-03-0043),N/A,"March 11, 2026","March 11, 2026","March 11, 2026",N/A,N/A,,N/A,,,LCRB / SCRB,"March 10, 2026","March 12, 2026",,,2026-03-10-0035,,,,GRAND ASTORIA HOTEL,,240,720.00,"172,800.00",,,"172,800.00",,,,Awarded,(RA 12009) Section 35.9: Lease of Real Property or Venue,,Main APP,"Lease of Venue, Catering and Hotel Accmmodation Services for Training Activities",Initial,,bit.ly/VENUEANDCATERING2026EPA,,,,,,,
1192,Training (Inhouse): Venue and Catering with Decorations (Hotel),Training Expenses,240,Pax,723.00,0.00,Goods and Services,Yes,OISE,September 2025,0001,x-x-x-x-x,March to July 2025,None,NEP/GAA 2026,2025-3617,"October 1, 2025",26-01-0003,240,723.00,0.00,,"October 1, 2025",0.00,,N/A,N/A,N/A,0043 (LR-03-0043),N/A,"March 11, 2026","March 11, 2026","March 11, 2026",N/A,N/A,"March 10, 2026",N/A,,,LCRB / SCRB,"March 10, 2026","March 12, 2026","March 13, 2026","March 30, 2026",2026-03-10-0035,"March 13, 2026",26-03-0079,,GRAND ASTORIA HOTEL,"March 30, 2026",240,720.00,"172,800.00","March 17, 2026","March 30, 2026","172,800.00",,,,Purchase Order,(RA 12009) Section 35.9: Lease of Real Property or Venue,(RA 12009) Section 35.9: Lease of Real Property or Venue,Main APP,"Lease of Venue, Catering and Hotel Accmmodation Services for Training Activities",Initial,,bit.ly/VENUEANDCATERING2026EPA,,,,,,,
1193,Training (Inhouse): Venue and Catering (Hotel),Training Expenses,200,Pax,671.00,"134,200.00",Goods and Services,Yes,HIM,September 2025,0001,x-x-x-x-x,March to July 2025,None,NEP/GAA 2026,2025-3617,"October 1, 2025",26-01-0003,200,671.00,0.00,,"October 1, 2025",0.00,,"October 6, 2025","October 8, 2025",12464131,2601-GOODS-03A,"October 16, 2025","October 30, 2025","October 30, 2025","November 3, 2025",N/A,N/A,,,,,LCRB / SCRB,,,,,,,,,,,,,0.00,,,,,,,Failed,(RA 12009) Section 27: Competitive Bidding,,Main APP,"Procurement of Venue, Catering Services, Hotel Accommodation and Meals and Snacks for FY 2026 (Early Procurement Activities)",Initial,,bit.ly/VENUEANDCATERING2026EPA,,,,,,,
1193,Training (Inhouse): Venue and Catering (Hotel),Training Expenses,200,Pax,671.00,0.00,Goods and Services,Yes,HIM,September 2025,0001,x-x-x-x-x,March to July 2025,None,NEP/GAA 2026,2025-3617,"October 1, 2025",26-01-0003,200,671.00,"134,200.00",,"October 1, 2025","134,200.00",,N/A,N/A,N/A,0043 (LR-03-0043),N/A,"March 11, 2026","March 11, 2026","March 11, 2026",N/A,N/A,,N/A,,,LCRB / SCRB,"March 10, 2026","March 12, 2026",,,2026-03-10-0035,,,,GRAND ASTORIA HOTEL,,200,670.00,"134,000.00",,,"134,000.00",,,,Awarded,(RA 12009) Section 35.9: Lease of Real Property or Venue,,Main APP,"Lease of Venue, Catering and Hotel Accmmodation Services for Training Activities",Initial,,bit.ly/VENUEANDCATERING2026EPA,,,,,,,
1194,"Training (Inhouse): Venue, Catering, Live in",Training Expenses,200,Pax,"2,064.00","412,800.00",Goods and Services,Yes,PET-RO,September 2025,0001,x-x-x-x-x,March to July 2025,None,NEP/GAA 2026,2025-3617,"October 1, 2025",26-01-0003,200,"2,064.00",0.00,,"October 1, 2025",0.00,,"October 6, 2025","October 8, 2025",12464131,2601-GOODS-03A,"October 16, 2025","October 30, 2025","October 30, 2025","November 3, 2025",N/A,N/A,,,,,,,,,,,,,,,,,,0.00,,,,,,,Failed,(RA 12009) Section 27: Competitive Bidding,,Main APP,"Procurement of Venue, Catering Services, Hotel Accommodation and Meals and Snacks for FY 2026 (Early Procurement Activities)",Initial,,bit.ly/VENUEANDCATERING2026EPA,,,,,,,
1194,"Training (Inhouse): Venue, Catering, Live in",Training Expenses,200,Pax,"2,064.00",0.00,Goods and Services,Yes,PET-RO,September 2025,0001,x-x-x-x-x,March to July 2025,None,NEP/GAA 2026,2025-3617,"October 1, 2025",26-01-0003,200,"2,064.00","412,800.00",,"October 1, 2025","412,800.00",,N/A,N/A,N/A,0043 (LR-03-0043),N/A,"March 11, 2026","March 11, 2026","March 11, 2026",N/A,N/A,,N/A,,,LCRB / SCRB,"March 10, 2026","March 12, 2026",,,2026-03-10-0035,,,,LA GUERTA ADVENTURE PARK,,200,"2,040.00","408,000.00",,,"408,000.00",,,,Awarded,(RA 12009) Section 35.9: Lease of Real Property or Venue,,Main APP,"Lease of Venue, Catering and Hotel Accmmodation Services for Training Activities",Initial,,bit.ly/VENUEANDCATERING2026EPA,,,,,,,
1195,Training (Inhouse): Packed Meal and 2 Snacks Only (For Delivery),Training Expenses,200,pax,600.00,"120,000.00",Goods and Services,Yes,PET-RO,September 2025,0001,x-x-x-x-x,March to July 2025,None,NEP/GAA 2026,2025-3617,"October 1, 2025",26-01-0003,200,600.00,0.00,,"October 1, 2025",0.00,,"October 6, 2025","October 8, 2025",12464131,2601-GOODS-03A,"October 16, 2025","October 30, 2025","October 30, 2025","November 3, 2025",N/A,N/A,,,,,,,,,,,,,,,,,,0.00,,,,,,,Failed,(RA 12009) Section 27: Competitive Bidding,,Main APP,"Procurement of Venue, Catering Services, Hotel Accommodation and Meals and Snacks for FY 2026 (Early Procurement Activities)",Initial,,bit.ly/VENUEANDCATERING2026EPA,,,,,,,
1196,Training (Inhouse): Packed Meal and 2 Snacks Only (For Delivery),Training Expenses,200,pax,600.00,0.00,Goods and Services,Yes,PET-RO,September 2025,0001,x-x-x-x-x,March to July 2025,None,NEP/GAA 2026,2025-3617,"October 1, 2025",26-01-0003,200,600.00,"120,000.00",,"October 1, 2025","120,000.00",,N/A,"February 9, 2026",12766242,0012 (SVP-02-0012),N/A,"February 16, 2026","February 16, 2026",,N/A,N/A,,N/A,,,LCRB / SCRB,"February 18, 2026","March 4, 2026",,,2026-02-18-0013,,,,MFM ENTERPRISES,,200,588.00,"117,600.00",,,"117,600.00",,,,Awarded,(RA 12009) Section 34: Small Value Procurement,,Main APP,"Procurement of Various Meals, Snacks and On-site Catering Services",Initial,,,,,,,,,
1196,Training (Inhouse): Packed Meal and 2 Snacks Only (For Delivery),Training Expenses,200,pax,600.00,0.00,Goods and Services,Yes,PET-RO,September 2025,0001,x-x-x-x-x,March to July 2025,None,NEP/GAA 2026,2025-3617,"October 1, 2025",26-01-0003,200,600.00,0.00,,"October 1, 2025",0.00,,N/A,"February 9, 2026",12766242,0012 (SVP-02-0012),N/A,"February 16, 2026","February 16, 2026",,N/A,N/A,"February 18, 2026",N/A,,,LCRB / SCRB,"February 18, 2026","March 4, 2026","March 5, 2026","March 11, 2026",2026-02-18-0013,"March 5, 2026",26-03-0050,,MFM ENTERPRISES,"March 11, 2026",40,588.00,"23,520.00","March 6, 2026","March 10, 2026","23,520.00",,,,Purchase Order,(RA 12009) Section 34: Small Value Procurement,(RA 12009) Section 34: Small Value Procurement,Main APP,"Procurement of Various Meals, Snacks and On-site Catering Services",Initial,,,,,,,,,
1197,Training (Inhouse): Onsite Catering (Venue Other Than Hotel),Training Expenses,150,Pax,671.00,"100,650.00",Goods and Services,Yes,Document Control Office,September 2025,0001,x-x-x-x-x,March to July 2025,None,NEP/GAA 2026,2025-3617,"October 1, 2025",26-01-0003,150,671.00,0.00,,"October 1, 2025",0.00,,"October 6, 2025","October 8, 2025",12464131,2601-GOODS-03A,"October 16, 2025","October 30, 2025","October 30, 2025","November 3, 2025",N/A,N/A,,,,,,,,,,,,,,,,,,0.00,,,,,,,Failed,(RA 12009) Section 27: Competitive Bidding,,Main APP,"Procurement of Venue, Catering Services, Hotel Accommodation and Meals and Snacks for FY 2026 (Early Procurement Activities)",Initial,,bit.ly/VENUEANDCATERING2026EPA,,,,,,,
1197,Training (Inhouse): Onsite Catering (Venue Other Than Hotel),Training Expenses,150,Pax,671.00,0.00,Goods and Services,Yes,Document Control Office,September 2025,0001,x-x-x-x-x,March to July 2025,None,NEP/GAA 2026,2025-3617,"October 1, 2025",26-01-0003,150,671.00,"100,650.00",,"October 1, 2025","100,650.00",,N/A,"February 9, 2026",12766242,0012 (SVP-02-0012),N/A,"February 16, 2026","February 16, 2026",,N/A,N/A,,N/A,,,LCRB / SCRB,"February 18, 2026","March 4, 2026",,,2026-02-18-0013,,,,MFM ENTERPRISES,,150,650.00,"97,500.00",,,"97,500.00",,,,Awarded,(RA 12009) Section 34: Small Value Procurement,,Main APP,Catering Services and Snacks for Training Activities,Initial,,,,,,,,,
1197,Training (Inhouse): Onsite Catering (Venue Other Than Hotel),Training Expenses,150,Pax,671.00,0.00,Goods and Services,Yes,Document Control Office,September 2025,0001,x-x-x-x-x,March to July 2025,None,NEP/GAA 2026,2025-3617,"October 1, 2025",26-01-0003,150,671.00,0.00,,"October 1, 2025",0.00,,N/A,"February 9, 2026",12766242,0012 (SVP-02-0012),N/A,"February 16, 2026","February 16, 2026",,N/A,N/A,"February 18, 2026",N/A,,,LCRB / SCRB,"February 18, 2026","March 4, 2026","April 7, 2026",,2026-02-18-0013,"April 7, 2026",26-05-0257,,MFM ENTERPRISES,,150,650.00,"97,500.00",,,"97,500.00",,,,Purchase Order,(RA 12009) Section 34: Small Value Procurement,(RA 12009) Section 34: Small Value Procurement,Main APP,Catering Services and Snacks for Training Activities,Initial,,,,,,,,,
1198,Training (Inhouse): Venue and Catering with Decorations (Hotel),Training Expenses,150,Pax,723.00,"108,450.00",Goods and Services,Yes,Internal Medicine,September 2025,0001,x-x-x-x-x,March to July 2025,None,NEP/GAA 2026,2025-3617,"October 1, 2025",26-01-0003,150,723.00,0.00,,"October 1, 2025",0.00,,"October 6, 2025","October 8, 2025",12464131,2601-GOODS-03A,"October 16, 2025","October 30, 2025","October 30, 2025","November 3, 2025",N/A,N/A,,,,,LCRB / SCRB,,,,,,,,,,,,,0.00,,,,,,,Failed,(RA 12009) Section 27: Competitive Bidding,,Main APP,"Procurement of Venue, Catering Services, Hotel Accommodation and Meals and Snacks for FY 2026 (Early Procurement Activities)",Initial,,bit.ly/VENUEANDCATERING2026EPA,,,,,,,
1198,Training (Inhouse): Venue and Catering with Decorations (Hotel),Training Expenses,150,Pax,723.00,0.00,Goods and Services,Yes,Internal Medicine,September 2025,0001,x-x-x-x-x,March to July 2025,None,NEP/GAA 2026,2025-3617,"October 1, 2025",26-01-0003,150,723.00,"108,450.00",,"October 1, 2025","108,450.00",,N/A,N/A,N/A,0043 (LR-03-0043),N/A,"March 11, 2026","March 11, 2026","March 11, 2026",N/A,N/A,,N/A,,,LCRB / SCRB,"March 10, 2026","March 12, 2026",,,2026-03-10-0035,,,,GRAND ASTORIA HOTEL,,150,720.00,"108,000.00",,,"108,000.00",,,,Awarded,(RA 12009) Section 35.9: Lease of Real Property or Venue,,Main APP,"Lease of Venue, Catering and Hotel Accmmodation Services for Training Activities",Initial,,bit.ly/VENUEANDCATERING2026EPA,,,,,,,
1199,"Training/Orientation, 3-day Integrated Approach on the Essentation Maternal and Newborn Care and Lactation Management, by Breastfeeding Committee",Training Expenses,150,Pax,"2,013.00","301,950.00",Goods and Services,Yes,OB-Gyne,September 2025,0001,x-x-x-x-x,March to July 2025,None,NEP/GAA 2026,2025-3617,"October 1, 2025",26-01-0003,150,"2,013.00","301,950.00",,"October 1, 2025","301,950.00",,"October 6, 2025","October 8, 2025",12464131,2601-GOODS-03A,"October 16, 2025","October 30, 2025","October 30, 2025","November 3, 2025",N/A,N/A,,,,,,,,,,,,,,,,,,0.00,,,,,,,Failed,(RA 12009) Section 27: Competitive Bidding,,Main APP,"Procurement of Venue, Catering Services, Hotel Accommodation and Meals and Snacks for FY 2026 (Early Procurement Activities)",Initial,,bit.ly/VENUEANDCATERING2026EPA,,,,,,,
1200,Training (Inhouse): Venue and Catering (Hotel),Training Expenses,130,Pax,671.00,"87,230.00",Goods and Services,Yes,Data Privacy Unit,September 2025,0001,x-x-x-x-x,March to July 2025,None,NEP/GAA 2026,2025-3617,"October 1, 2025",26-01-0003,130,671.00,0.00,,"October 1, 2025",0.00,,"October 6, 2025","October 8, 2025",12464131,2601-GOODS-03A,"October 16, 2025","October 30, 2025","October 30, 2025","November 3, 2025",N/A,N/A,,,,,LCRB / SCRB,,,,,,,,,,,,,0.00,,,,,,,Failed,(RA 12009) Section 27: Competitive Bidding,,Main APP,"Procurement of Venue, Catering Services, Hotel Accommodation and Meals and Snacks for FY 2026 (Early Procurement Activities)",Initial,,bit.ly/VENUEANDCATERING2026EPA,,,,,,,
1200,Training (Inhouse): Venue and Catering (Hotel),Training Expenses,130,Pax,671.00,0.00,Goods and Services,Yes,Data Privacy Unit,September 2025,0001,x-x-x-x-x,March to July 2025,None,NEP/GAA 2026,2025-3617,"October 1, 2025",26-01-0003,130,671.00,"87,230.00",,"October 1, 2025","87,230.00",,N/A,N/A,N/A,0043 (LR-03-0043),N/A,"March 11, 2026","March 11, 2026","March 11, 2026",N/A,N/A,,N/A,,,LCRB / SCRB,"March 10, 2026","March 12, 2026",,,2026-03-10-0035,,,,GRAND ASTORIA HOTEL,,130,670.00,"87,100.00",,,"87,100.00",,,,Awarded,(RA 12009) Section 35.9: Lease of Real Property or Venue,,Main APP,"Lease of Venue, Catering and Hotel Accmmodation Services for Training Activities",Initial,,bit.ly/VENUEANDCATERING2026EPA,,,,,,,
1200,Training (Inhouse): Venue and Catering (Hotel),Training Expenses,130,Pax,671.00,0.00,Goods and Services,Yes,Data Privacy Unit,September 2025,0001,x-x-x-x-x,March to July 2025,None,NEP/GAA 2026,2025-3617,"October 1, 2025",26-01-0003,130,671.00,0.00,,"October 1, 2025",0.00,,N/A,N/A,N/A,0043 (LR-03-0043),N/A,"March 11, 2026","March 11, 2026","March 11, 2026",N/A,N/A,"March 10, 2026",N/A,,,LCRB / SCRB,"March 10, 2026","March 12, 2026","July 13, 2026",,2026-03-10-0035,"July 13, 2026",26-07-0544,,GRAND ASTORIA HOTEL,,130,670.00,"87,100.00",,,"87,100.00",,,,Purchase Order,(RA 12009) Section 35.9: Lease of Real Property or Venue,(RA 12009) Section 35.9: Lease of Real Property or Venue,Main APP,"Lease of Venue, Catering and Hotel Accmmodation Services for Training Activities",Initial,,bit.ly/VENUEANDCATERING2026EPA,,,,,,,
1201,Training (Inhouse): Venue and Catering (Hotel),Training Expenses,120,Pax,671.00,"80,520.00",Goods and Services,Yes,Research Office,September 2025,0001,x-x-x-x-x,March to July 2025,None,NEP/GAA 2026,2025-3617,"October 1, 2025",26-01-0003,120,671.00,0.00,,"October 1, 2025",0.00,,"October 6, 2025","October 8, 2025",12464131,2601-GOODS-03A,"October 16, 2025","October 30, 2025","October 30, 2025","November 3, 2025",N/A,N/A,,,,,LCRB / SCRB,,,,,,,,,,,,,0.00,,,,,,,Failed,(RA 12009) Section 27: Competitive Bidding,,Main APP,"Procurement of Venue, Catering Services, Hotel Accommodation and Meals and Snacks for FY 2026 (Early Procurement Activities)",Initial,,bit.ly/VENUEANDCATERING2026EPA,,,,,,,
1201,Training (Inhouse): Venue and Catering (Hotel),Training Expenses,120,Pax,671.00,0.00,Goods and Services,Yes,Research Office,September 2025,0001,x-x-x-x-x,March to July 2025,None,NEP/GAA 2026,2025-3617,"October 1, 2025",26-01-0003,120,671.00,"80,520.00",,"October 1, 2025","80,520.00",,N/A,N/A,N/A,0043 (LR-03-0043),N/A,"March 11, 2026","March 11, 2026","March 11, 2026",N/A,N/A,,N/A,,,LCRB / SCRB,"March 10, 2026","March 12, 2026",,,2026-03-10-0035,,,,GRAND ASTORIA HOTEL,,120,670.00,"80,400.00",,,"80,400.00",,,,Awarded,(RA 12009) Section 35.9: Lease of Real Property or Venue,,Main APP,"Lease of Venue, Catering and Hotel Accmmodation Services for Training Activities",Initial,,bit.ly/VENUEANDCATERING2026EPA,,,,,,,
1202,"Training (Inhouse): Venue, Catering, Live in",Training Expenses,100,Pax,"2,064.00","206,400.00",Goods and Services,Yes,OCAO,September 2025,0001,x-x-x-x-x,March to July 2025,None,NEP/GAA 2026,2025-3617,"October 1, 2025",26-01-0003,100,"2,064.00",0.00,,"October 1, 2025",0.00,,"October 6, 2025","October 8, 2025",12464131,2601-GOODS-03A,"October 16, 2025","October 30, 2025","October 30, 2025","November 3, 2025",N/A,N/A,,,,,,,,,,,,,,,,,,0.00,,,,,,,Failed,(RA 12009) Section 27: Competitive Bidding,,Main APP,"Procurement of Venue, Catering Services, Hotel Accommodation and Meals and Snacks for FY 2026 (Early Procurement Activities)",Initial,,bit.ly/VENUEANDCATERING2026EPA,,,,,,,
1202,"Training (Inhouse): Venue, Catering, Live in",Training Expenses,100,Pax,"2,064.00",0.00,Goods and Services,Yes,OCAO,September 2025,0001,x-x-x-x-x,March to July 2025,None,NEP/GAA 2026,2025-3617,"October 1, 2025",26-01-0003,100,"2,064.00","206,400.00",,"October 1, 2025","206,400.00",,N/A,N/A,N/A,0043 (LR-03-0043),N/A,"March 11, 2026","March 11, 2026","March 11, 2026",N/A,N/A,,N/A,,,LCRB / SCRB,"March 10, 2026","March 12, 2026",,,2026-03-10-0035,,,,LA GUERTA ADVENTURE PARK,,100,"2,040.00","204,000.00",,,"204,000.00",,,,Awarded,(RA 12009) Section 35.9: Lease of Real Property or Venue,,Main APP,"Lease of Venue, Catering and Hotel Accmmodation Services for Training Activities",Initial,,bit.ly/VENUEANDCATERING2026EPA,,,,,,,
1203,Training (Inhouse): Packed 1 Snack only (For Delivery),Training Expenses,70,Pax,155.00,"10,850.00",Goods and Services,Yes,ER & Trauma,September 2025,0001,x-x-x-x-x,March to July 2025,None,NEP/GAA 2026,2025-3617,"October 1, 2025",26-01-0003,70,155.00,0.00,,"October 1, 2025",0.00,,"October 6, 2025","October 8, 2025",12464131,2601-GOODS-03A,"October 16, 2025","October 30, 2025","October 30, 2025","November 3, 2025",N/A,N/A,,,,,,,,,,,,,,,,,,0.00,,,,,,,Failed,(RA 12009) Section 27: Competitive Bidding,,Main APP,"Procurement of Venue, Catering Services, Hotel Accommodation and Meals and Snacks for FY 2026 (Early Procurement Activities)",Initial,,bit.ly/VENUEANDCATERING2026EPA,,,,,,,
1203,Training (Inhouse): Packed 1 Snack only (For Delivery),Training Expenses,70,Pax,155.00,0.00,Goods and Services,Yes,ER & Trauma,September 2025,0001,x-x-x-x-x,March to July 2025,None,NEP/GAA 2026,2025-3617,"October 1, 2025",26-01-0003,70,155.00,"10,850.00",,"October 1, 2025","10,850.00",,N/A,"May 12, 2026",12966558,0169 (SVP-05-0169),N/A,"May 19, 2026","May 19, 2026",,N/A,N/A,,N/A,,,,,,,,,,,,MFM ENTERPRISES,,70,145.00,"10,150.00",,,"10,150.00",,,,Awarded,(RA 12009) Section 34: Small Value Procurement,,Main APP,Catering Services and Snacks for Training Activities,Initial,,bit.ly/VENUEANDCATERING2026EPA,,,,,,,
1204,Training (Inhouse): Onsite Catering (Venue Other Than Hotel),Training Expenses,60,Pax,671.00,"40,260.00",Goods and Services,Yes,Orthopedics,September 2025,0001,x-x-x-x-x,March to July 2025,None,NEP/GAA 2026,2025-3617,"October 1, 2025",26-01-0003,60,671.00,"40,260.00",,"October 1, 2025","40,260.00",,"October 6, 2025","October 8, 2025",12464131,2601-GOODS-03A,"October 16, 2025","October 30, 2025","October 30, 2025","November 3, 2025",N/A,N/A,,,,,,,,,,,,,,,,,,0.00,,,,,,,Failed,(RA 12009) Section 27: Competitive Bidding,,Main APP,"Procurement of Venue, Catering Services, Hotel Accommodation and Meals and Snacks for FY 2026 (Early Procurement Activities)",Initial,,bit.ly/VENUEANDCATERING2026EPA,,,,,,,
1205,Training (Inhouse): Venue and Catering (Hotel),Training Expenses,55,Pax,671.00,"36,905.00",Goods and Services,Yes,WCPU,September 2025,0001,x-x-x-x-x,March to July 2025,None,NEP/GAA 2026,2025-3617,"October 1, 2025",26-01-0003,55,671.00,0.00,,"October 1, 2025",0.00,,"October 6, 2025","October 8, 2025",12464131,2601-GOODS-03A,"October 16, 2025","October 30, 2025","October 30, 2025","November 3, 2025",N/A,N/A,,,,,LCRB / SCRB,,,,,,,,,,,,,0.00,,,,,,,Failed,(RA 12009) Section 27: Competitive Bidding,,Main APP,"Procurement of Venue, Catering Services, Hotel Accommodation and Meals and Snacks for FY 2026 (Early Procurement Activities)",Initial,,bit.ly/VENUEANDCATERING2026EPA,,,,,,,
1205,Training (Inhouse): Venue and Catering (Hotel),Training Expenses,55,Pax,671.00,0.00,Goods and Services,Yes,WCPU,September 2025,0001,x-x-x-x-x,March to July 2025,None,NEP/GAA 2026,2025-3617,"October 1, 2025",26-01-0003,55,671.00,"36,905.00",,"October 1, 2025","36,905.00",,N/A,N/A,N/A,0043 (LR-03-0043),N/A,"March 11, 2026","March 11, 2026","March 11, 2026",N/A,N/A,,N/A,,,LCRB / SCRB,"March 10, 2026","March 12, 2026",,,2026-03-10-0035,,,,GRAND ASTORIA HOTEL,,55,670.00,"36,850.00",,,"36,850.00",,,,Awarded,(RA 12009) Section 35.9: Lease of Real Property or Venue,,Main APP,"Lease of Venue, Catering and Hotel Accmmodation Services for Training Activities",Initial,,bit.ly/VENUEANDCATERING2026EPA,,,,,,,
1205,Training (Inhouse): Venue and Catering (Hotel),Training Expenses,55,Pax,671.00,0.00,Goods and Services,Yes,WCPU,September 2025,0001,x-x-x-x-x,March to July 2025,None,NEP/GAA 2026,2025-3617,"October 1, 2025",26-01-0003,55,671.00,0.00,,"October 1, 2025",0.00,,N/A,N/A,N/A,0043 (LR-03-0043),N/A,"March 11, 2026","March 11, 2026","March 11, 2026",N/A,N/A,"March 10, 2026",N/A,,,LCRB / SCRB,"March 10, 2026","March 12, 2026","June 26, 2026",,2026-03-10-0035,"June 26, 2026",26-06-0458,,GRAND ASTORIA HOTEL,,55,670.00,"36,850.00",,,"36,850.00",,,,Purchase Order,(RA 12009) Section 35.9: Lease of Real Property or Venue,(RA 12009) Section 35.9: Lease of Real Property or Venue,Main APP,"Lease of Venue, Catering and Hotel Accmmodation Services for Training Activities",Initial,,bit.ly/VENUEANDCATERING2026EPA,,,,,,,
1206,Training: Hotel Accommodation (Resource Person/Day),Training Expenses,50,Pax,"5,160.00","258,000.00",Goods and Services,Yes,PET-RO,September 2025,0001,x-x-x-x-x,March to July 2025,None,NEP/GAA 2026,2025-3617,"October 1, 2025",26-01-0003,50,"5,160.00",0.00,,"October 1, 2025",0.00,,"October 6, 2025","October 8, 2025",12464131,2601-GOODS-03A,"October 16, 2025","October 30, 2025","October 30, 2025","November 3, 2025",N/A,N/A,,,,,,,,,,,,,,,,,,0.00,,,,,,,Failed,(RA 12009) Section 27: Competitive Bidding,,Main APP,"Procurement of Venue, Catering Services, Hotel Accommodation and Meals and Snacks for FY 2026 (Early Procurement Activities)",Initial,,bit.ly/VENUEANDCATERING2026EPA,,,,,,,
1206,Training: Hotel Accommodation (Resource Person/Day),Training Expenses,50,Pax,"5,160.00",0.00,Goods and Services,Yes,PET-RO,September 2025,0001,x-x-x-x-x,March to July 2025,None,NEP/GAA 2026,2025-3617,"October 1, 2025",26-01-0003,50,"5,160.00","258,000.00",,"October 1, 2025","258,000.00",,N/A,N/A,N/A,0043 (LR-03-0043),N/A,"March 11, 2026","March 11, 2026","March 11, 2026",N/A,N/A,,N/A,,,LCRB / SCRB,"March 10, 2026","March 12, 2026",,,2026-03-10-0035,,,,GRAND ASTORIA HOTEL,,50,"5,000.00","250,000.00",,,"250,000.00",,,,Awarded,(RA 12009) Section 35.9: Lease of Real Property or Venue,,Main APP,"Lease of Venue, Catering and Hotel Accmmodation Services for Training Activities",Initial,,bit.ly/VENUEANDCATERING2026EPA,,,,,,,
1206,Training: Hotel Accommodation (Resource Person/Day),Training Expenses,50,Pax,"5,160.00",0.00,Goods and Services,Yes,PET-RO,September 2025,0001,x-x-x-x-x,March to July 2025,None,NEP/GAA 2026,2025-3617,"October 1, 2025",26-01-0003,50,"5,160.00",0.00,,"October 1, 2025",0.00,,N/A,N/A,N/A,0043 (LR-03-0043),N/A,"March 11, 2026","March 11, 2026","March 11, 2026",N/A,N/A,"March 10, 2026",N/A,,,LCRB / SCRB,"March 10, 2026","March 12, 2026","March 19, 2026","April 8, 2026",2026-03-10-0035,"March 19, 2026",26-03-0103,,GRAND ASTORIA HOTEL,"April 8, 2026",6,"5,000.00","30,000.00","March 23, 2026","April 8, 2026","30,000.00",,,,Purchase Order,(RA 12009) Section 35.9: Lease of Real Property or Venue,(RA 12009) Section 35.9: Lease of Real Property or Venue,Main APP,"Lease of Venue, Catering and Hotel Accmmodation Services for Training Activities",Initial,,bit.ly/VENUEANDCATERING2026EPA,,,,,,,
1206,Training: Hotel Accommodation (Resource Person/Day),Training Expenses,50,Pax,"5,160.00",0.00,Goods and Services,Yes,PET-RO,September 2025,0001,x-x-x-x-x,March to July 2025,None,NEP/GAA 2026,2025-3617,"October 1, 2025",26-01-0003,50,"5,160.00",0.00,,"October 1, 2025",0.00,,N/A,N/A,N/A,0043 (LR-03-0043),N/A,"March 11, 2026","March 11, 2026","March 11, 2026",N/A,N/A,"March 10, 2026",N/A,,,LCRB / SCRB,"March 10, 2026","March 12, 2026","July 7, 2026",,2026-03-10-0035,"July 7, 2026",26-07-0478,,GRAND ASTORIA HOTEL,,6,"5,000.00","30,000.00",,,"30,000.00",,,,Purchase Order,(RA 12009) Section 35.9: Lease of Real Property or Venue,(RA 12009) Section 35.9: Lease of Real Property or Venue,Main APP,"Lease of Venue, Catering and Hotel Accmmodation Services for Training Activities",Initial,,bit.ly/VENUEANDCATERING2026EPA,,,,,,,
1206,Training: Hotel Accommodation (Resource Person/Day),Training Expenses,50,Pax,"5,160.00",0.00,Goods and Services,Yes,PET-RO,September 2025,0001,x-x-x-x-x,March to July 2025,None,NEP/GAA 2026,2025-3617,"October 1, 2025",26-01-0003,50,"5,160.00",0.00,,"October 1, 2025",0.00,,N/A,N/A,N/A,0043 (LR-03-0043),N/A,"March 11, 2026","March 11, 2026","March 11, 2026",N/A,N/A,"March 10, 2026",N/A,,,LCRB / SCRB,"March 10, 2026","March 12, 2026","July 13, 2026",,2026-03-10-0035,"July 13, 2026",26-07-0543,,GRAND ASTORIA HOTEL,,6,"5,000.00","30,000.00",,,"30,000.00",,,,Purchase Order,(RA 12009) Section 35.9: Lease of Real Property or Venue,(RA 12009) Section 35.9: Lease of Real Property or Venue,Main APP,"Lease of Venue, Catering and Hotel Accmmodation Services for Training Activities",Initial,,bit.ly/VENUEANDCATERING2026EPA,,,,,,,
1207,Training (Inhouse): Venue and Catering with Decorations (Hotel),Training Expenses,50,Pax,723.00,"36,150.00",Goods and Services,Yes,Telemedicine,September 2025,0001,x-x-x-x-x,March to July 2025,None,NEP/GAA 2026,2025-3617,"October 1, 2025",26-01-0003,50,723.00,0.00,,"October 1, 2025",0.00,,"October 6, 2025","October 8, 2025",12464131,2601-GOODS-03A,"October 16, 2025","October 30, 2025","October 30, 2025","November 3, 2025",N/A,N/A,,,,,LCRB / SCRB,,,,,,,,,,,,,0.00,,,,,,,Failed,(RA 12009) Section 27: Competitive Bidding,,Main APP,"Procurement of Venue, Catering Services, Hotel Accommodation and Meals and Snacks for FY 2026 (Early Procurement Activities)",Initial,,bit.ly/VENUEANDCATERING2026EPA,,,,,,,
1207,Training (Inhouse): Venue and Catering with Decorations (Hotel),Training Expenses,50,Pax,723.00,0.00,Goods and Services,Yes,Telemedicine,September 2025,0001,x-x-x-x-x,March to July 2025,None,NEP/GAA 2026,2025-3617,"October 1, 2025",26-01-0003,50,723.00,"36,150.00",,"October 1, 2025","36,150.00",,N/A,N/A,N/A,0043 (LR-03-0043),N/A,"March 11, 2026","March 11, 2026","March 11, 2026",N/A,N/A,,N/A,,,LCRB / SCRB,"March 10, 2026","March 12, 2026",,,2026-03-10-0035,,,,GRAND ASTORIA HOTEL,,50,720.00,"36,000.00",,,"36,000.00",,,,Awarded,(RA 12009) Section 35.9: Lease of Real Property or Venue,,Main APP,"Lease of Venue, Catering and Hotel Accmmodation Services for Training Activities",Initial,,bit.ly/VENUEANDCATERING2026EPA,,,,,,,
1208,"Accomodation w/ Breakfast, Dinner, Free Shuttle-Airport To Hotel",Training Expenses,16,Pax,"6,812.00","108,992.00",Goods and Services,Yes,OISE,September 2025,0001,x-x-x-x-x,March to July 2025,None,NEP/GAA 2026,2025-3617,"October 1, 2025",26-01-0003,16,"6,812.00","108,992.00",,"October 1, 2025","108,992.00",,"October 6, 2025","October 8, 2025",12464131,2601-GOODS-03A,"October 16, 2025","October 30, 2025","October 30, 2025","November 3, 2025",N/A,N/A,,,,,,,,,,,,,,,,,,0.00,,,,,,,Failed,(RA 12009) Section 27: Competitive Bidding,,Main APP,"Procurement of Venue, Catering Services, Hotel Accommodation and Meals and Snacks for FY 2026 (Early Procurement Activities)",Initial,,bit.ly/VENUEANDCATERING2026EPA,,,,,,,
1209,"Orientation/Training, Strategic Planning",Training Expenses,15,Pax,671.00,"10,065.00",Goods and Services,Yes,Telemedicine,September 2025,0001,x-x-x-x-x,March to July 2025,None,NEP/GAA 2026,2025-3617,"October 1, 2025",26-01-0003,15,671.00,0.00,,"October 1, 2025",0.00,,"October 6, 2025","October 8, 2025",12464131,2601-GOODS-03A,"October 16, 2025","October 30, 2025","October 30, 2025","November 3, 2025",N/A,N/A,,,,,LCRB / SCRB,,,,,,,,,,,,,0.00,,,,,,,Failed,(RA 12009) Section 27: Competitive Bidding,,Main APP,"Procurement of Venue, Catering Services, Hotel Accommodation and Meals and Snacks for FY 2026 (Early Procurement Activities)",Initial,,bit.ly/VENUEANDCATERING2026EPA,,,,,,,
1209,"Orientation/Training, Strategic Planning",Training Expenses,15,Pax,671.00,0.00,Goods and Services,Yes,Telemedicine,September 2025,0001,x-x-x-x-x,March to July 2025,None,NEP/GAA 2026,2025-3617,"October 1, 2025",26-01-0003,15,671.00,"10,065.00",,"October 1, 2025","10,065.00",,N/A,N/A,N/A,0043 (LR-03-0043),N/A,"March 11, 2026","March 11, 2026","March 11, 2026",N/A,N/A,,N/A,,,LCRB / SCRB,"March 10, 2026","March 12, 2026",,,2026-03-10-0035,,,,GRAND ASTORIA HOTEL,,15,670.00,"10,050.00",,,"10,050.00",,,,Awarded,(RA 12009) Section 35.9: Lease of Real Property or Venue,,Main APP,"Lease of Venue, Catering and Hotel Accmmodation Services for Training Activities",Initial,,bit.ly/VENUEANDCATERING2026EPA,,,,,,,
1210,Training: Hotel Accommodation (Resource Person/Day),Training Expenses,6,Pax,"5,160.00","30,960.00",Goods and Services,Yes,HEMS,September 2025,0001,x-x-x-x-x,March to July 2025,None,NEP/GAA 2026,2025-3617,"October 1, 2025",26-01-0003,6,"5,160.00",0.00,,"October 1, 2025",0.00,,"October 6, 2025","October 8, 2025",12464131,2601-GOODS-03A,"October 16, 2025","October 30, 2025","October 30, 2025","November 3, 2025",N/A,N/A,,,,,,,,,,,,,,,,,,0.00,,,,,,,Failed,(RA 12009) Section 27: Competitive Bidding,,Main APP,"Procurement of Venue, Catering Services, Hotel Accommodation and Meals and Snacks for FY 2026 (Early Procurement Activities)",Initial,,bit.ly/VENUEANDCATERING2026EPA,,,,,,,
1210,Training: Hotel Accommodation (Resource Person/Day),Training Expenses,6,Pax,"5,160.00",0.00,Goods and Services,Yes,HEMS,September 2025,0001,x-x-x-x-x,March to July 2025,None,NEP/GAA 2026,2025-3617,"October 1, 2025",26-01-0003,6,"5,160.00","30,960.00",,"October 1, 2025","30,960.00",,N/A,N/A,N/A,0043 (LR-03-0043),N/A,"March 11, 2026","March 11, 2026","March 11, 2026",N/A,N/A,,N/A,,,LCRB / SCRB,"March 10, 2026","March 12, 2026",,,2026-03-10-0035,,,,GRAND ASTORIA HOTEL,,6,"5,000.00","30,000.00",,,"30,000.00",,,,Awarded,(RA 12009) Section 35.9: Lease of Real Property or Venue,,Main APP,"Lease of Venue, Catering and Hotel Accmmodation Services for Training Activities",Initial,,bit.ly/VENUEANDCATERING2026EPA,,,,,,,
1211,Training: Hotel Accommodation (Resource Person/Day),Training Expenses,6,Pax,"5,160.00","30,960.00",Goods and Services,Yes,IDTM,September 2025,0001,x-x-x-x-x,March to July 2025,None,NEP/GAA 2026,2025-3617,"October 1, 2025",26-01-0003,6,"5,160.00","30,960.00",,"October 1, 2025","30,960.00",,"October 6, 2025","October 8, 2025",12464131,2601-GOODS-03A,"October 16, 2025","October 30, 2025","October 30, 2025","November 3, 2025",N/A,N/A,,,,,,,,,,,,,,,,,,0.00,,,,,,,Failed,(RA 12009) Section 27: Competitive Bidding,,Main APP,"Procurement of Venue, Catering Services, Hotel Accommodation and Meals and Snacks for FY 2026 (Early Procurement Activities)",Initial,,bit.ly/VENUEANDCATERING2026EPA,,,,,,,
1212,Training: Hotel Accommodation (Resource Person/Day),Training Expenses,6,Pax,"5,160.00","30,960.00",Goods and Services,Yes,Orthopedics,September 2025,0001,x-x-x-x-x,March to July 2025,None,NEP/GAA 2026,2025-3617,"October 1, 2025",26-01-0003,6,"5,160.00","30,960.00",,"October 1, 2025","30,960.00",,"October 6, 2025","October 8, 2025",12464131,2601-GOODS-03A,"October 16, 2025","October 30, 2025","October 30, 2025","November 3, 2025",N/A,N/A,,,,,,,,,,,,,,,,,,0.00,,,,,,,Failed,(RA 12009) Section 27: Competitive Bidding,,Main APP,"Procurement of Venue, Catering Services, Hotel Accommodation and Meals and Snacks for FY 2026 (Early Procurement Activities)",Initial,,bit.ly/VENUEANDCATERING2026EPA,,,,,,,
1213,Training: Hotel Accommodation (Resource Person/Day),Training Expenses,4,Pax,"5,160.00","20,640.00",Goods and Services,Yes,Document Control Office,September 2025,0001,x-x-x-x-x,March to July 2025,None,NEP/GAA 2026,2025-3617,"October 1, 2025",26-01-0003,4,"5,160.00",0.00,,"October 1, 2025",0.00,,"October 6, 2025","October 8, 2025",12464131,2601-GOODS-03A,"October 16, 2025","October 30, 2025","October 30, 2025","November 3, 2025",N/A,N/A,,,,,,,,,,,,,,,,,,0.00,,,,,,,Failed,(RA 12009) Section 27: Competitive Bidding,,Main APP,"Procurement of Venue, Catering Services, Hotel Accommodation and Meals and Snacks for FY 2026 (Early Procurement Activities)",Initial,,bit.ly/VENUEANDCATERING2026EPA,,,,,,,
1213,Training: Hotel Accommodation (Resource Person/Day),Training Expenses,4,Pax,"5,160.00",0.00,Goods and Services,Yes,Document Control Office,September 2025,0001,x-x-x-x-x,March to July 2025,None,NEP/GAA 2026,2025-3617,"October 1, 2025",26-01-0003,4,"5,160.00",0.00,,"October 1, 2025",0.00,,"October 6, 2025","October 8, 2025",12464131,2601-GOODS-03A,"October 16, 2025","October 30, 2025","October 30, 2025","November 3, 2025",N/A,N/A,,,,,,,,,,,,,,,,,,0.00,,,,,,,Failed,(RA 12009) Section 27: Competitive Bidding,,Main APP,"Procurement of Venue, Catering Services, Hotel Accommodation and Meals and Snacks for FY 2026 (Early Procurement Activities)",Initial,,bit.ly/VENUEANDCATERING2026EPA,,,,,,,
1214,Training: Hotel Accommodation (Resource Person/Day),Training Expenses,4,Pax,"5,160.00","20,640.00",Goods and Services,Yes,HIM,September 2025,0001,x-x-x-x-x,March to July 2025,None,NEP/GAA 2026,2025-3617,"October 1, 2025",26-01-0003,4,"5,160.00","20,640.00",,"October 1, 2025","20,640.00",,N/A,N/A,N/A,0043 (LR-03-0043),N/A,"March 11, 2026","March 11, 2026","March 11, 2026",N/A,N/A,,N/A,,,LCRB / SCRB,"March 10, 2026","March 12, 2026",,,2026-03-10-0035,,,,GRAND ASTORIA HOTEL,,4,"5,000.00","20,000.00",,,"20,000.00",,,,Awarded,(RA 12009) Section 35.9: Lease of Real Property or Venue,,Main APP,"Lease of Venue, Catering and Hotel Accmmodation Services for Training Activities",Initial,,bit.ly/VENUEANDCATERING2026EPA,,,,,,,
1215,Training: Hotel Accommodation (Resource Person/Day),Training Expenses,4,Pax,"5,160.00",0.00,Goods and Services,Yes,Safety and Environment,September 2025,0001,x-x-x-x-x,March to July 2025,None,NEP/GAA 2026,2025-3617,"October 1, 2025",26-01-0003,4,"5,160.00",0.00,,"October 1, 2025",0.00,,"October 6, 2025","October 8, 2025",12464131,2601-GOODS-03A,"October 16, 2025","October 30, 2025","October 30, 2025","November 3, 2025",N/A,N/A,,,,,,,,,,,,,,,,,,0.00,,,,,,,Failed,(RA 12009) Section 27: Competitive Bidding,,Main APP,"Procurement of Venue, Catering Services, Hotel Accommodation and Meals and Snacks for FY 2026 (Early Procurement Activities)",Initial,,bit.ly/VENUEANDCATERING2026EPA,,,,,,,
1215,Training: Hotel Accommodation (Resource Person/Day),Training Expenses,4,Pax,"5,160.00",0.00,Goods and Services,Yes,Safety and Environment,September 2025,0001,x-x-x-x-x,March to July 2025,None,NEP/GAA 2026,2025-3617,"October 1, 2025",26-01-0003,4,"5,160.00",0.00,,"October 1, 2025",0.00,,"October 6, 2025","October 8, 2025",12464131,2601-GOODS-03A,"October 16, 2025","October 30, 2025","October 30, 2025","November 3, 2025",N/A,N/A,,,,,,,,,,,,,,,,,,0.00,,,,,,,Realigned Item,(RA 12009) Section 27: Competitive Bidding,,Main APP,"Procurement of Venue, Catering Services, Hotel Accommodation and Meals and Snacks for FY 2026 (Early Procurement Activities)",Initial,"realigned for various training, supplies and equipment for Safety and Environment",,,,,,,,
1216,"Underpad, at least 24"" x 30"" (60cmx76cm) in dimensions, disposable",Medical Supply,"96,000",Piece,16.00,"1,536,000.00",Goods and Services,Yes,CSS - Stocks,"January 5, 2026",0001,x-x-x-x-x,March to July 2025,None,NEP/GAA 2026,2025-3723,"October 20, 2025",26-01-0010,"96,000",16.00,0.00,,"October 20, 2025",0.00,,"October 27, 2025","October 31, 2025",12541678,2601-GOODS-06A,"November 7, 2025","November 20, 2025","November 20, 2025",,N/A,N/A,,,,,LCRB / SCRB,,,,,,,,,,,,,0.00,,,,,,,Failed,(RA 12009) Section 27: Competitive Bidding,,Main APP,"Supply and Delivery of Medical, Surgical and Related Supplies (Early Procurement Activities) for FY 2026",Initial,,bit.ly/MEDICALANDSURGICALSUPPLIES2026EPA,,,,,,,
1216,"Underpad, at least 24"" x 30"" (60cmx76cm) in dimensions, disposable",Medical Supply,"96,000",Piece,16.00,0.00,Goods and Services,Yes,CSS - Stocks,"January 5, 2026",0001,x-x-x-x-x,March to July 2025,None,NEP/GAA 2026,2025-3723,"October 20, 2025",26-01-0010,"96,000",16.00,"1,536,000.00",,"October 20, 2025","1,536,000.00",,"April 24, 2026","May 14, 2026",12986194,2601-GOODS-06B,"May 21, 2026","June 4, 2026","June 4, 2026","June 5, 2026","June 16, 2026","June 16, 2026","July 14, 2026",,,,LCRB / SCRB,,,,,G06B-2026-0-0310,,,,SURE-FAST MEDSOLUTIONS CO.,,"96,000",14.80,"1,420,800.00",,,"1,420,800.00",,,,Awarded,(RA 12009) Section 27: Competitive Bidding,,Main APP,"Supply and Delivery of Medical, Surgical and Related Supplies FY 2026 REBID",Rebid,supply-rebid,bit.ly/MEDICALSUPPLIESSUPPLIESFY2026REBID,,,,,,,
1217,"Surgical Gloves size 7.0, sterile, 50's or 100's/box,  powder-free, long cuffs: reaching above the wrist to mid-forearm, minimum thickness of 0.10mm, anatomical curved fingers, natural rubber, straight cuff, micro-textured, with CE standards or its equivalent",Medical Supply,"86,400",Pair,25.00,"2,160,000.00",Goods and Services,Yes,CSS - Stocks,"January 5, 2026",0001,x-x-x-x-x,March to July 2025,None,NEP/GAA 2026,2025-3723,"October 20, 2025",26-01-0010,"86,400",25.00,0.00,,"October 20, 2025",0.00,,"October 27, 2025","October 31, 2025",12541678,2601-GOODS-06A,"November 7, 2025","November 20, 2025","November 20, 2025",,N/A,N/A,,,,,LCRB / SCRB,,,,,,,,,,,,,0.00,,,,,,,Failed,(RA 12009) Section 27: Competitive Bidding,,Main APP,"Supply and Delivery of Medical, Surgical and Related Supplies (Early Procurement Activities) for FY 2026",Initial,,bit.ly/MEDICALANDSURGICALSUPPLIES2026EPA,,,,,,,
1217,"Surgical Gloves size 7.0, sterile, 50's or 100's/box,  powder-free, long cuffs: reaching above the wrist to mid-forearm, minimum thickness of 0.10mm, anatomical curved fingers, natural rubber, straight cuff, micro-textured, with CE standards or its equivalent",Medical Supply,"86,400",Pair,25.00,0.00,Goods and Services,Yes,CSS - Stocks,"January 5, 2026",0001,x-x-x-x-x,March to July 2025,None,NEP/GAA 2026,2025-3723,"October 20, 2025",26-01-0010,"86,400",25.00,"2,160,000.00",,"October 20, 2025","2,160,000.00",,"April 24, 2026","May 14, 2026",12986194,2601-GOODS-06B,"May 21, 2026","June 4, 2026","June 4, 2026","June 5, 2026","June 16, 2026","June 16, 2026","July 14, 2026",,,,LCRB / SCRB,,,,,G06B-2026-0-0310,,,,,,"86,400",,0.00,,,,,,,Failed,(RA 12009) Section 27: Competitive Bidding,,Main APP,"Supply and Delivery of Medical, Surgical and Related Supplies FY 2026 REBID",Rebid,supply-rebid,bit.ly/MEDICALSUPPLIESSUPPLIESFY2026REBID,,,,,,,
1218,"Surgical Gloves size 6.5, sterile, 50's or 100's/box,  powder-free, long cuffs: reaching above the wrist to mid-forearm, minimum thickness of 0.10mm, anatomical curved fingers, natural rubber, straight cuff, micro-textured, with CE standards or its equivalent",Medical Supply,"61,200",Pair,25.00,"1,530,000.00",Goods and Services,Yes,CSS - Stocks,"January 5, 2026",0001,x-x-x-x-x,March to July 2025,None,NEP/GAA 2026,2025-3723,"October 20, 2025",26-01-0010,"61,200",25.00,0.00,,"October 20, 2025",0.00,,"October 27, 2025","October 31, 2025",12541678,2601-GOODS-06A,"November 7, 2025","November 20, 2025","November 20, 2025",,N/A,N/A,,,,,LCRB / SCRB,,,,,,,,,,,,,0.00,,,,,,,Failed,(RA 12009) Section 27: Competitive Bidding,,Main APP,"Supply and Delivery of Medical, Surgical and Related Supplies (Early Procurement Activities) for FY 2026",Initial,,bit.ly/MEDICALANDSURGICALSUPPLIES2026EPA,,,,,,,
1218,"Surgical Gloves size 6.5, sterile, 50's or 100's/box,  powder-free, long cuffs: reaching above the wrist to mid-forearm, minimum thickness of 0.10mm, anatomical curved fingers, natural rubber, straight cuff, micro-textured, with CE standards or its equivalent",Medical Supply,"61,200",Pair,25.00,0.00,Goods and Services,Yes,CSS - Stocks,"January 5, 2026",0001,x-x-x-x-x,March to July 2025,None,NEP/GAA 2026,2025-3723,"October 20, 2025",26-01-0010,"61,200",25.00,"1,530,000.00",,"October 20, 2025","1,530,000.00",,"April 24, 2026","May 14, 2026",12986194,2601-GOODS-06B,"May 21, 2026","June 4, 2026","June 4, 2026","June 5, 2026","June 16, 2026","June 16, 2026","July 14, 2026",,,,LCRB / SCRB,,,,,G06B-2026-0-0310,,,,,,"61,200",,0.00,,,,,,,Failed,(RA 12009) Section 27: Competitive Bidding,,Main APP,"Supply and Delivery of Medical, Surgical and Related Supplies FY 2026 REBID",Rebid,supply-rebid,bit.ly/MEDICALSUPPLIESSUPPLIESFY2026REBID,,,,,,,
1219,"Surgical Gloves size 7.5, sterile, 50's or 100's/box,  powder-free, long cuffs: reaching above the wrist to mid-forearm, minimum thickness of 0.10mm, anatomical curved fingers, natural rubber, straight cuff, micro-textured, with CE standards or its equivalent",Medical Supply,"61,200",Pair,25.00,"1,530,000.00",Goods and Services,Yes,CSS - Stocks,"January 5, 2026",0001,x-x-x-x-x,March to July 2025,None,NEP/GAA 2026,2025-3723,"October 20, 2025",26-01-0010,"61,200",25.00,0.00,,"October 20, 2025",0.00,,"October 27, 2025","October 31, 2025",12541678,2601-GOODS-06A,"November 7, 2025","November 20, 2025","November 20, 2025",,N/A,N/A,,,,,LCRB / SCRB,,,,,,,,,,,,,0.00,,,,,,,Failed,(RA 12009) Section 27: Competitive Bidding,,Main APP,"Supply and Delivery of Medical, Surgical and Related Supplies (Early Procurement Activities) for FY 2026",Initial,,bit.ly/MEDICALANDSURGICALSUPPLIES2026EPA,,,,,,,
1219,"Surgical Gloves size 7.5, sterile, 50's or 100's/box,  powder-free, long cuffs: reaching above the wrist to mid-forearm, minimum thickness of 0.10mm, anatomical curved fingers, natural rubber, straight cuff, micro-textured, with CE standards or its equivalent",Medical Supply,"61,200",Pair,25.00,0.00,Goods and Services,Yes,CSS - Stocks,"January 5, 2026",0001,x-x-x-x-x,March to July 2025,None,NEP/GAA 2026,2025-3723,"October 20, 2025",26-01-0010,"61,200",25.00,"1,530,000.00",,"October 20, 2025","1,530,000.00",,"April 24, 2026","May 14, 2026",12986194,2601-GOODS-06B,"May 21, 2026","June 4, 2026","June 4, 2026","June 5, 2026","June 16, 2026","June 16, 2026","July 14, 2026",,,,LCRB / SCRB,,,,,G06B-2026-0-0310,,,,,,"61,200",,0.00,,,,,,,Failed,(RA 12009) Section 27: Competitive Bidding,,Main APP,"Supply and Delivery of Medical, Surgical and Related Supplies FY 2026 REBID",Rebid,supply-rebid,bit.ly/MEDICALSUPPLIESSUPPLIESFY2026REBID,,,,,,,
1220,"Identification Wrist Tag, adult, with insertable data card form for patient's information such as name, age/sex, date, color WHITE",Medical Supply,"60,000",Piece,7.00,"420,000.00",Goods and Services,Yes,CSS - Stocks,"January 5, 2026",0001,x-x-x-x-x,March to July 2025,None,NEP/GAA 2026,2025-3723,"October 20, 2025",26-01-0010,"60,000",7.00,0.00,,"October 20, 2025",0.00,,"October 27, 2025","October 31, 2025",12541678,2601-GOODS-06A,"November 7, 2025","November 20, 2025","November 20, 2025",,N/A,N/A,,,,,LCRB / SCRB,,,,,,,,,,,,,0.00,,,,,,,Failed,(RA 12009) Section 27: Competitive Bidding,,Main APP,"Supply and Delivery of Medical, Surgical and Related Supplies (Early Procurement Activities) for FY 2026",Initial,,bit.ly/MEDICALANDSURGICALSUPPLIES2026EPA,,,,,,,
1220,"Identification Wrist Tag, adult, with insertable data card form for patient's information such as name, age/sex, date, color WHITE",Medical Supply,"60,000",Piece,7.00,0.00,Goods and Services,Yes,CSS - Stocks,"January 5, 2026",0001,x-x-x-x-x,March to July 2025,None,NEP/GAA 2026,2025-3723,"October 20, 2025",26-01-0010,"15,000",7.00,"105,000.00",,"October 20, 2025","105,000.00",,N/A,N/A,N/A,0131 (EP-04-0131),N/A,"April 17, 2026","April 17, 2026","April 17, 2026",N/A,N/A,,N/A,,,LCRB / SCRB,"April 21, 2026","April 22, 2026",,,2026-04-21-0121,,,,NEOMED MARKETING,,"15,000",5.00,"75,000.00",,,"75,000.00",,,,Awarded,(RA 12009) Section 35.2: Emergency Cases,,Main APP,Supply and Delivery of Various Medical Supplies,Initial,,,,,,,,,
1220,"Identification Wrist Tag, adult, with insertable data card form for patient's information such as name, age/sex, date, color WHITE",Medical Supply,"60,000",Piece,7.00,0.00,Goods and Services,Yes,CSS - Stocks,"January 5, 2026",0001,x-x-x-x-x,March to July 2025,None,NEP/GAA 2026,2025-3723,"October 20, 2025",26-01-0010,"15,000",7.00,0.00,,"October 20, 2025",0.00,,N/A,N/A,N/A,0131 (EP-04-0131),N/A,"April 17, 2026","April 17, 2026","April 17, 2026",N/A,N/A,"April 21, 2026",N/A,,,LCRB / SCRB,"April 21, 2026","April 22, 2026","April 23, 2026","April 29, 2026",2026-04-21-0121,"April 23, 2026",26-04-0208,,NEOMED MARKETING,"April 29, 2026","15,000",5.00,"75,000.00","April 27, 2026","April 29, 2026","75,000.00",,,,Purchase Order,(RA 12009) Section 35.2: Emergency Cases,(RA 12009) Section 35.2: Emergency Cases,Main APP,Supply and Delivery of Various Medical Supplies,Initial,,,,,,,,,
1220,"Identification Wrist Tag, adult, with insertable data card form for patient's information such as name, age/sex, date, color WHITE",Medical Supply,"60,000",Piece,7.00,0.00,Goods and Services,Yes,CSS - Stocks,"January 5, 2026",0001,x-x-x-x-x,March to July 2025,None,NEP/GAA 2026,2025-3723,"October 20, 2025",26-01-0010,"45,000",7.00,"315,000.00",,"October 20, 2025","315,000.00",,"April 24, 2026","May 14, 2026",12986194,2601-GOODS-06B,"May 21, 2026","June 4, 2026","June 4, 2026","June 5, 2026","June 16, 2026","June 16, 2026","July 14, 2026",,,,LCRB / SCRB,,,,,G06B-2026-0-0310,,,,,,"45,000",,0.00,,,,,,,Failed,(RA 12009) Section 27: Competitive Bidding,,Main APP,"Supply and Delivery of Medical, Surgical and Related Supplies FY 2026 REBID",Rebid,supply-rebid,bit.ly/MEDICALSUPPLIESSUPPLIESFY2026REBID,,,,,,,
1221,"Lubricating Jelly 5grm./sachet, sterile, water soluble, thicker in form and non watery, with high viscosity rate, individually packed, easy to tear sachet, latex free, safe to use on human tissue, pH balanced, and adheres well to gloves and instruments, not harmful to rubber and metal equipment, with good stability and consistency with about 5 years shelf life",Medical Supply,"30,000",Piece,19.00,"570,000.00",Goods and Services,Yes,CSS - Stocks,"January 5, 2026",0001,x-x-x-x-x,March to July 2025,None,NEP/GAA 2026,2025-3723,"October 20, 2025",26-01-0010,"30,000",19.00,0.00,,"October 20, 2025",0.00,,"October 27, 2025","October 31, 2025",12541678,2601-GOODS-06A,"November 7, 2025","November 20, 2025","November 20, 2025",,N/A,N/A,,,,,LCRB / SCRB,,,,,,,,,,,,,0.00,,,,,,,Failed,(RA 12009) Section 27: Competitive Bidding,,Main APP,"Supply and Delivery of Medical, Surgical and Related Supplies (Early Procurement Activities) for FY 2026",Initial,,bit.ly/MEDICALANDSURGICALSUPPLIES2026EPA,,,,,,,
1221,"Lubricating Jelly 5grm./sachet, sterile, water soluble, thicker in form and non watery, with high viscosity rate, individually packed, easy to tear sachet, latex free, safe to use on human tissue, pH balanced, and adheres well to gloves and instruments, not harmful to rubber and metal equipment, with good stability and consistency with about 5 years shelf life",Medical Supply,"30,000",Piece,19.00,0.00,Goods and Services,Yes,CSS - Stocks,"January 5, 2026",0001,x-x-x-x-x,March to July 2025,None,NEP/GAA 2026,2025-3723,"October 20, 2025",26-01-0010,"30,000",19.00,"570,000.00",,"October 20, 2025","570,000.00",,"April 24, 2026","May 14, 2026",12986194,2601-GOODS-06B,"May 21, 2026","June 4, 2026","June 4, 2026","June 5, 2026","June 16, 2026","June 16, 2026","July 14, 2026",,,,LCRB / SCRB,,,,,G06B-2026-0-0310,,,,,,"30,000",,0.00,,,,,,,Failed,(RA 12009) Section 27: Competitive Bidding,,Main APP,"Supply and Delivery of Medical, Surgical and Related Supplies FY 2026 REBID",Rebid,supply-rebid,bit.ly/MEDICALSUPPLIESSUPPLIESFY2026REBID,,,,,,,
1222,"RCWM AVF FISTULA KIT 
 
 Contents:
 2 packs Sterile Gauze Sponges 2x2 4 5’s/pack
 2 packs Sterile Gauze Sponges 4x8 (5’s/pack) (for cherry balls)
 5 pcs Alcohol prep pad
 2 pcs Povidine prep pad
 5 pcs Chlorhexidine gluconate+Isopropyl alcohol swab 2%/70%
 1 roll Hypoallergenic plaster I inch
 1 pair surgical gloves size 7.5 powder -free
 1 pair surgical gloves size 6.5 powder -free
 2 pairs examination gloves medium, nitrile, powder- free
 2 pairs examination gloves large, nitrile, powder- free
  1 pc. Hypoallergenic needle gauge 18x1.5
 1pc 20cc syringe w/o needle with luer-lock (Terumo or compatible with Fresenius Dialysis Machine)
 1pc 10cc syringe w/ needle gauge 21 x 1 
 1pc Tuberculin syringe w/ needle gauge 27x 0.5",Medical Supply,"18,816",Pack,250.00,"4,704,000.00",Goods and Services,Yes,CSS - Stocks,"January 5, 2026",0001,x-x-x-x-x,March to July 2025,None,NEP/GAA 2026,2025-3723,"October 20, 2025",26-01-0010,"18,816",250.00,0.00,,"October 20, 2025",0.00,,"October 27, 2025","October 31, 2025",12541678,2601-GOODS-06A,"November 7, 2025","November 20, 2025","November 20, 2025",,N/A,N/A,,,,,LCRB / SCRB,,,,,,,,,,,,,0.00,,,,,,,Failed,(RA 12009) Section 27: Competitive Bidding,,Main APP,"Supply and Delivery of Medical, Surgical and Related Supplies (Early Procurement Activities) for FY 2026",Initial,,bit.ly/MEDICALANDSURGICALSUPPLIES2026EPA,,,,,,,
1222,"RCWM AVF FISTULA KIT 
 
 Contents:
 2 packs Sterile Gauze Sponges 2x2 4 5’s/pack
 2 packs Sterile Gauze Sponges 4x8 (5’s/pack) (for cherry balls)
 5 pcs Alcohol prep pad
 2 pcs Povidine prep pad
 5 pcs Chlorhexidine gluconate+Isopropyl alcohol swab 2%/70%
 1 roll Hypoallergenic plaster I inch
 1 pair surgical gloves size 7.5 powder -free
 1 pair surgical gloves size 6.5 powder -free
 2 pairs examination gloves medium, nitrile, powder- free
 2 pairs examination gloves large, nitrile, powder- free
  1 pc. Hypoallergenic needle gauge 18x1.5
 1pc 20cc syringe w/o needle with luer-lock (Terumo or compatible with Fresenius Dialysis Machine)
 1pc 10cc syringe w/ needle gauge 21 x 1 
 1pc Tuberculin syringe w/ needle gauge 27x 0.5",Medical Supply,"18,816",Pack,250.00,0.00,Goods and Services,Yes,CSS - Stocks,"January 5, 2026",0001,x-x-x-x-x,March to July 2025,None,NEP/GAA 2026,2025-3723,"October 20, 2025",26-01-0010,"18,816",250.00,"4,704,000.00",,"October 20, 2025","4,704,000.00",,"April 24, 2026","May 14, 2026",12986194,2601-GOODS-06B,"May 21, 2026","June 4, 2026","June 4, 2026","June 5, 2026","June 16, 2026","June 16, 2026","July 14, 2026",,,,LCRB / SCRB,,,,,G06B-2026-0-0310,,,,,,"18,816",,0.00,,,,,,,Failed,(RA 12009) Section 27: Competitive Bidding,,Main APP,"Supply and Delivery of Medical, Surgical and Related Supplies FY 2026 REBID",Rebid,supply-rebid,bit.ly/MEDICALSUPPLIESSUPPLIESFY2026REBID,,,,,,,
1223,"Suction catheter Fr. 14, w/thumb control valve, 53cm, disposable, sterile",Medical Supply,"14,800",Piece,20.00,"296,000.00",Goods and Services,Yes,CSS - Stocks,"January 5, 2026",0001,x-x-x-x-x,March to July 2025,None,NEP/GAA 2026,2025-3723,"October 20, 2025",26-01-0010,"14,800",20.00,"296,000.00",,"October 20, 2025","296,000.00",,"October 27, 2025","October 31, 2025",12541678,2601-GOODS-06A,"November 7, 2025","November 20, 2025","November 20, 2025",,N/A,N/A,,,,,LCRB / SCRB,"January 19, 2026","January 20, 2026",,,2026-01-19-0002,,,,NEOMED MARKETING,,"14,800",15.00,"222,000.00",,,"222,000.00",,,,Awarded,(RA 12009) Section 27: Competitive Bidding,,Main APP,"Supply and Delivery of Medical, Surgical and Related Supplies (Early Procurement Activities) for FY 2026",Initial,,bit.ly/MEDICALANDSURGICALSUPPLIES2026EPA,,,,,,,
1223,"Suction catheter Fr. 14, w/thumb control valve, 53cm, disposable, sterile",Medical Supply,"14,800",Piece,20.00,0.00,Goods and Services,Yes,CSS - Stocks,"January 5, 2026",0001,x-x-x-x-x,March to July 2025,None,NEP/GAA 2026,2025-3723,"October 20, 2025",26-01-0010,"14,800",20.00,0.00,,"October 20, 2025",0.00,,"October 27, 2025","October 31, 2025",12541678,2601-GOODS-06A,"November 7, 2025","November 20, 2025","November 20, 2025",,N/A,N/A,"January 19, 2026",,,,LCRB / SCRB,"January 19, 2026","January 20, 2026","March 17, 2026",,2026-01-19-0002,"March 17, 2026",26-03-0091,,NEOMED MARKETING,,"14,800",15.00,"222,000.00",,,"222,000.00",,,,Purchase Order,(RA 12009) Section 27: Competitive Bidding,(RA 12009) Section 27: Competitive Bidding,Main APP,"Supply and Delivery of Medical, Surgical and Related Supplies (Early Procurement Activities) for FY 2026",Initial,,bit.ly/MEDICALANDSURGICALSUPPLIES2026EPA,,,,,,,
1224,"Surgical Gloves size 8.0, sterile, 50's or 100's/box,  powder-free, long cuffs: reaching above the wrist to mid-forearm, minimum thickness of 0.10mm, anatomical curved fingers, natural rubber, straight cuff, micro-textured, with CE standards or its equivalent",Medical Supply,"10,800",Pair,25.00,"270,000.00",Goods and Services,Yes,CSS - Stocks,"January 5, 2026",0001,x-x-x-x-x,March to July 2025,None,NEP/GAA 2026,2025-3723,"October 20, 2025",26-01-0010,"10,800",25.00,0.00,,"October 20, 2025",0.00,,"October 27, 2025","October 31, 2025",12541678,2601-GOODS-06A,"November 7, 2025","November 20, 2025","November 20, 2025",,N/A,N/A,,,,,LCRB / SCRB,,,,,,,,,,,,,0.00,,,,,,,Failed,(RA 12009) Section 27: Competitive Bidding,,Main APP,"Supply and Delivery of Medical, Surgical and Related Supplies (Early Procurement Activities) for FY 2026",Initial,,bit.ly/MEDICALANDSURGICALSUPPLIES2026EPA,,,,,,,
1224,"Surgical Gloves size 8.0, sterile, 50's or 100's/box,  powder-free, long cuffs: reaching above the wrist to mid-forearm, minimum thickness of 0.10mm, anatomical curved fingers, natural rubber, straight cuff, micro-textured, with CE standards or its equivalent",Medical Supply,"10,800",Pair,25.00,0.00,Goods and Services,Yes,CSS - Stocks,"January 5, 2026",0001,x-x-x-x-x,March to July 2025,None,NEP/GAA 2026,2025-3723,"October 20, 2025",26-01-0010,"10,800",25.00,"270,000.00",,"October 20, 2025","270,000.00",,"April 24, 2026","May 14, 2026",12986194,2601-GOODS-06B,"May 21, 2026","June 4, 2026","June 4, 2026","June 5, 2026","June 16, 2026","June 16, 2026","July 14, 2026",,,,LCRB / SCRB,,,,,G06B-2026-0-0310,,,,,,"10,800",,0.00,,,,,,,Failed,(RA 12009) Section 27: Competitive Bidding,,Main APP,"Supply and Delivery of Medical, Surgical and Related Supplies FY 2026 REBID",Rebid,supply-rebid,bit.ly/MEDICALSUPPLIESSUPPLIESFY2026REBID,,,,,,,
1225,"Suction catheter Fr. 16, w/thumb control valve, 53cm, disposable, sterile",Medical Supply,"10,800",Piece,20.00,"216,000.00",Goods and Services,Yes,CSS - Stocks,"January 5, 2026",0001,x-x-x-x-x,March to July 2025,None,NEP/GAA 2026,2025-3723,"October 20, 2025",26-01-0010,"10,800",20.00,"216,000.00",,"October 20, 2025","216,000.00",,"October 27, 2025","October 31, 2025",12541678,2601-GOODS-06A,"November 7, 2025","November 20, 2025","November 20, 2025",,N/A,N/A,,,,,LCRB / SCRB,"January 19, 2026","January 20, 2026",,,2026-01-19-0002,,,,NEOMED MARKETING,,"10,800",15.00,"162,000.00",,,"162,000.00",,,,Awarded,(RA 12009) Section 27: Competitive Bidding,,Main APP,"Supply and Delivery of Medical, Surgical and Related Supplies (Early Procurement Activities) for FY 2026",Initial,,bit.ly/MEDICALANDSURGICALSUPPLIES2026EPA,,,,,,,
1225,"Suction catheter Fr. 16, w/thumb control valve, 53cm, disposable, sterile",Medical Supply,"10,800",Piece,20.00,0.00,Goods and Services,Yes,CSS - Stocks,"January 5, 2026",0001,x-x-x-x-x,March to July 2025,None,NEP/GAA 2026,2025-3723,"October 20, 2025",26-01-0010,"10,800",20.00,0.00,,"October 20, 2025",0.00,,"October 27, 2025","October 31, 2025",12541678,2601-GOODS-06A,"November 7, 2025","November 20, 2025","November 20, 2025",,N/A,N/A,"January 19, 2026",,,,LCRB / SCRB,"January 19, 2026","January 20, 2026","March 17, 2026",,2026-01-19-0002,"March 17, 2026",26-03-0091,,NEOMED MARKETING,,"10,800",15.00,"162,000.00",,,"162,000.00",,,,Purchase Order,(RA 12009) Section 27: Competitive Bidding,(RA 12009) Section 27: Competitive Bidding,Main APP,"Supply and Delivery of Medical, Surgical and Related Supplies (Early Procurement Activities) for FY 2026",Initial,,bit.ly/MEDICALANDSURGICALSUPPLIES2026EPA,,,,,,,
1226,"Heparin Lock Cap for IV, needleless with luer lock, later-free, clear transparent, 1's/pc",Medical Supply,"10,500",Piece,100.00,"1,050,000.00",Goods and Services,Yes,CSS - Stocks,"January 5, 2026",0001,x-x-x-x-x,March to July 2025,None,NEP/GAA 2026,2025-3723,"October 20, 2025",26-01-0010,"10,500",100.00,0.00,,"October 20, 2025",0.00,,"October 27, 2025","October 31, 2025",12541678,2601-GOODS-06A,"November 7, 2025","November 20, 2025","November 20, 2025",,N/A,N/A,,,,,LCRB / SCRB,,,,,,,,,,,,,0.00,,,,,,,Failed,(RA 12009) Section 27: Competitive Bidding,,Main APP,"Supply and Delivery of Medical, Surgical and Related Supplies (Early Procurement Activities) for FY 2026",Initial,,bit.ly/MEDICALANDSURGICALSUPPLIES2026EPA,,,,,,,
1226,"Heparin Lock Cap for IV, needleless with luer lock, later-free, clear transparent, 1's/pc",Medical Supply,"10,500",Piece,100.00,0.00,Goods and Services,Yes,CSS - Stocks,"January 5, 2026",0001,x-x-x-x-x,March to July 2025,None,NEP/GAA 2026,2025-3723,"October 20, 2025",26-01-0010,"10,500",100.00,"1,050,000.00",,"October 20, 2025","1,050,000.00",,"April 24, 2026","May 14, 2026",12986194,2601-GOODS-06B,"May 21, 2026","June 4, 2026","June 4, 2026","June 5, 2026","June 16, 2026","June 16, 2026","July 14, 2026",,,,LCRB / SCRB,,,,,G06B-2026-0-0310,,,,SURE-FAST MEDSOLUTIONS CO.,,"10,500",75.00,"787,500.00",,,"787,500.00",,,,Awarded,(RA 12009) Section 27: Competitive Bidding,,Main APP,"Supply and Delivery of Medical, Surgical and Related Supplies FY 2026 REBID",Rebid,supply-rebid,bit.ly/MEDICALSUPPLIESSUPPLIESFY2026REBID,,,,,,,
1227,"Oxygen Face Mask, Adult, sterile, with at least 6.5 ft non-kink tubing, adjustable nasal clip and strap, and standard tubing connector",Medical Supply,"10,400",Piece,80.00,"832,000.00",Goods and Services,Yes,CSS - Stocks,"January 5, 2026",0001,x-x-x-x-x,March to July 2025,None,NEP/GAA 2026,2025-3723,"October 20, 2025",26-01-0010,"10,400",80.00,"832,000.00",,"October 20, 2025","832,000.00",,"October 27, 2025","October 31, 2025",12541678,2601-GOODS-06A,"November 7, 2025","November 20, 2025","November 20, 2025",,N/A,N/A,,,,,LCRB / SCRB,"January 19, 2026","January 20, 2026",,,2026-01-19-0002,,,,NEOMED MARKETING,,"10,400",70.00,"728,000.00",,,"728,000.00",,,,Awarded,(RA 12009) Section 27: Competitive Bidding,,Main APP,"Supply and Delivery of Medical, Surgical and Related Supplies (Early Procurement Activities) for FY 2026",Initial,,bit.ly/MEDICALANDSURGICALSUPPLIES2026EPA,,,,,,,
1227,"Oxygen Face Mask, Adult, sterile, with at least 6.5 ft non-kink tubing, adjustable nasal clip and strap, and standard tubing connector",Medical Supply,"10,400",Piece,80.00,0.00,Goods and Services,Yes,CSS - Stocks,"January 5, 2026",0001,x-x-x-x-x,March to July 2025,None,NEP/GAA 2026,2025-3723,"October 20, 2025",26-01-0010,"10,400",80.00,0.00,,"October 20, 2025",0.00,,"October 27, 2025","October 31, 2025",12541678,2601-GOODS-06A,"November 7, 2025","November 20, 2025","November 20, 2025",,N/A,N/A,"January 19, 2026",,,,LCRB / SCRB,"January 19, 2026","January 20, 2026","March 17, 2026",,2026-01-19-0002,"March 17, 2026",26-03-0091,,NEOMED MARKETING,,"10,400",70.00,"728,000.00",,,"728,000.00",,,,Purchase Order,(RA 12009) Section 27: Competitive Bidding,(RA 12009) Section 27: Competitive Bidding,Main APP,"Supply and Delivery of Medical, Surgical and Related Supplies (Early Procurement Activities) for FY 2026",Initial,,bit.ly/MEDICALANDSURGICALSUPPLIES2026EPA,,,,,,,
1228,"Urine Bag, adult, 120 cm tube, with non-return valve, at least 2000mL capacity, w/ string, handle or hook",Medical Supply,"9,600",Piece,40.00,"384,000.00",Goods and Services,Yes,CSS - Stocks,"January 5, 2026",0001,x-x-x-x-x,March to July 2025,None,NEP/GAA 2026,2025-3723,"October 20, 2025",26-01-0010,"9,600",40.00,"384,000.00",,"October 20, 2025","384,000.00",,"October 27, 2025","October 31, 2025",12541678,2601-GOODS-06A,"November 7, 2025","November 20, 2025","November 20, 2025",,N/A,N/A,,,,,LCRB / SCRB,"January 19, 2026","January 20, 2026",,,2026-01-19-0002,,,,NEOMED MARKETING,,"9,600",25.00,"240,000.00",,,"240,000.00",,,,Awarded,(RA 12009) Section 27: Competitive Bidding,,Main APP,"Supply and Delivery of Medical, Surgical and Related Supplies (Early Procurement Activities) for FY 2026",Initial,,bit.ly/MEDICALANDSURGICALSUPPLIES2026EPA,,,,,,,
1228,"Urine Bag, adult, 120 cm tube, with non-return valve, at least 2000mL capacity, w/ string, handle or hook",Medical Supply,"9,600",Piece,40.00,0.00,Goods and Services,Yes,CSS - Stocks,"January 5, 2026",0001,x-x-x-x-x,March to July 2025,None,NEP/GAA 2026,2025-3723,"October 20, 2025",26-01-0010,"9,600",40.00,0.00,,"October 20, 2025",0.00,,"October 27, 2025","October 31, 2025",12541678,2601-GOODS-06A,"November 7, 2025","November 20, 2025","November 20, 2025",,N/A,N/A,"January 19, 2026",,,,LCRB / SCRB,"January 19, 2026","January 20, 2026","March 17, 2026",,2026-01-19-0002,"March 17, 2026",26-03-0091,,NEOMED MARKETING,,"9,600",25.00,"240,000.00",,,"240,000.00",,,,Purchase Order,(RA 12009) Section 27: Competitive Bidding,(RA 12009) Section 27: Competitive Bidding,Main APP,"Supply and Delivery of Medical, Surgical and Related Supplies (Early Procurement Activities) for FY 2026",Initial,,bit.ly/MEDICALANDSURGICALSUPPLIES2026EPA,,,,,,,
1229,"Foley Catheter 2-way, Fr. 16, needle-less port, sterile",Medical Supply,"9,000",Piece,50.00,"450,000.00",Goods and Services,Yes,CSS - Stocks,"January 5, 2026",0001,x-x-x-x-x,March to July 2025,None,NEP/GAA 2026,2025-3723,"October 20, 2025",26-01-0010,"9,000",50.00,"450,000.00",,"October 20, 2025","450,000.00",,"October 27, 2025","October 31, 2025",12541678,2601-GOODS-06A,"November 7, 2025","November 20, 2025","November 20, 2025",,N/A,N/A,,,,,LCRB / SCRB,"January 19, 2026","January 20, 2026",,,2026-01-19-0002,,,,NEOMED MARKETING,,"9,000",45.00,"405,000.00",,,"405,000.00",,,,Awarded,(RA 12009) Section 27: Competitive Bidding,,Main APP,"Supply and Delivery of Medical, Surgical and Related Supplies (Early Procurement Activities) for FY 2026",Initial,,bit.ly/MEDICALANDSURGICALSUPPLIES2026EPA,,,,,,,
1229,"Foley Catheter 2-way, Fr. 16, needle-less port, sterile",Medical Supply,"9,000",Piece,50.00,0.00,Goods and Services,Yes,CSS - Stocks,"January 5, 2026",0001,x-x-x-x-x,March to July 2025,None,NEP/GAA 2026,2025-3723,"October 20, 2025",26-01-0010,"9,000",50.00,0.00,,"October 20, 2025",0.00,,"October 27, 2025","October 31, 2025",12541678,2601-GOODS-06A,"November 7, 2025","November 20, 2025","November 20, 2025",,N/A,N/A,"January 19, 2026",,,,LCRB / SCRB,"January 19, 2026","January 20, 2026","March 17, 2026",,2026-01-19-0002,"March 17, 2026",26-03-0091,,NEOMED MARKETING,,"9,000",45.00,"405,000.00",,,"405,000.00",,,,Purchase Order,(RA 12009) Section 27: Competitive Bidding,(RA 12009) Section 27: Competitive Bidding,Main APP,"Supply and Delivery of Medical, Surgical and Related Supplies (Early Procurement Activities) for FY 2026",Initial,,bit.ly/MEDICALANDSURGICALSUPPLIES2026EPA,,,,,,,
1230,"RCWM-CVDC packs
 
 Contents:
 4 pcs Sterile Gauze Sponges 2x2x8
 2 pcs Sterile Gauze Sponges 4x8 (5’s/pack)
 2 pcs Alcohol swab
 3 pcs water proof medical plaster 10x10
 4 pcs Chlorhexidine gluconate+Isopropyl alcohol swab 2%/70%
 1 roll Hypoallergenic plaster(3M) I inch
 1 pair surgical gloves size 7 powder free
 1 pair surgical gloves size 7.5 powder free
 1 pair surgical gloves size 6.5 powder free
 2 pairs examination gloves medium, nitrile, powder- free
 2 pairs examination gloves large, nitrile, powder- free
 1 pc. Hypoallergenic needle gauge 18x1.5
 1 pc 20cc syringe w/o needle with luer-lock (Terumo or compatible with Fresenius Dialysis Machine)
 1 pc 10cc syringe w/o needle with luer-lock (Terumo or compatible with Fresenius Dialysis Machine)
 1 pc 5cc syringe w/ needle gauge 23x1",Medical Supply,"8,064",Pack,250.00,"2,016,000.00",Goods and Services,Yes,CSS - Stocks,"January 5, 2026",0001,x-x-x-x-x,March to July 2025,None,NEP/GAA 2026,2025-3723,"October 20, 2025",26-01-0010,"8,064",250.00,0.00,,"October 20, 2025",0.00,,"October 27, 2025","October 31, 2025",12541678,2601-GOODS-06A,"November 7, 2025","November 20, 2025","November 20, 2025",,N/A,N/A,,,,,LCRB / SCRB,,,,,,,,,,,,,0.00,,,,,,,Failed,(RA 12009) Section 27: Competitive Bidding,,Main APP,"Supply and Delivery of Medical, Surgical and Related Supplies (Early Procurement Activities) for FY 2026",Initial,,bit.ly/MEDICALANDSURGICALSUPPLIES2026EPA,,,,,,,
1230,"RCWM-CVDC packs
 
 Contents:
 4 pcs Sterile Gauze Sponges 2x2x8
 2 pcs Sterile Gauze Sponges 4x8 (5’s/pack)
 2 pcs Alcohol swab
 3 pcs water proof medical plaster 10x10
 4 pcs Chlorhexidine gluconate+Isopropyl alcohol swab 2%/70%
 1 roll Hypoallergenic plaster(3M) I inch
 1 pair surgical gloves size 7 powder free
 1 pair surgical gloves size 7.5 powder free
 1 pair surgical gloves size 6.5 powder free
 2 pairs examination gloves medium, nitrile, powder- free
 2 pairs examination gloves large, nitrile, powder- free
 1 pc. Hypoallergenic needle gauge 18x1.5
 1 pc 20cc syringe w/o needle with luer-lock (Terumo or compatible with Fresenius Dialysis Machine)
 1 pc 10cc syringe w/o needle with luer-lock (Terumo or compatible with Fresenius Dialysis Machine)
 1 pc 5cc syringe w/ needle gauge 23x1",Medical Supply,"8,064",Pack,250.00,0.00,Goods and Services,Yes,CSS - Stocks,"January 5, 2026",0001,x-x-x-x-x,March to July 2025,None,NEP/GAA 2026,2025-3723,"October 20, 2025",26-01-0010,"8,064",250.00,"2,016,000.00",,"October 20, 2025","2,016,000.00",,"April 24, 2026","May 14, 2026",12986194,2601-GOODS-06B,"May 21, 2026","June 4, 2026","June 4, 2026","June 5, 2026","June 16, 2026","June 16, 2026","July 14, 2026",,,,LCRB / SCRB,,,,,G06B-2026-0-0310,,,,,,"8,064",,0.00,,,,,,,Failed,(RA 12009) Section 27: Competitive Bidding,,Main APP,"Supply and Delivery of Medical, Surgical and Related Supplies FY 2026 REBID",Rebid,supply-rebid,bit.ly/MEDICALSUPPLIESSUPPLIESFY2026REBID,,,,,,,
1231,"Suction catheter Fr. 8, w/thumb control valve,  53cm, disposable, sterile",Medical Supply,"7,800",Piece,20.00,"156,000.00",Goods and Services,Yes,CSS - Stocks,"January 5, 2026",0001,x-x-x-x-x,March to July 2025,None,NEP/GAA 2026,2025-3723,"October 20, 2025",26-01-0010,"7,800",20.00,"156,000.00",,"October 20, 2025","156,000.00",,"October 27, 2025","October 31, 2025",12541678,2601-GOODS-06A,"November 7, 2025","November 20, 2025","November 20, 2025",,N/A,N/A,,,,,LCRB / SCRB,"January 19, 2026","January 20, 2026",,,2026-01-19-0002,,,,NEOMED MARKETING,,"7,800",15.00,"117,000.00",,,"117,000.00",,,,Awarded,(RA 12009) Section 27: Competitive Bidding,,Main APP,"Supply and Delivery of Medical, Surgical and Related Supplies (Early Procurement Activities) for FY 2026",Initial,,bit.ly/MEDICALANDSURGICALSUPPLIES2026EPA,,,,,,,
1231,"Suction catheter Fr. 8, w/thumb control valve,  53cm, disposable, sterile",Medical Supply,"7,800",Piece,20.00,0.00,Goods and Services,Yes,CSS - Stocks,"January 5, 2026",0001,x-x-x-x-x,March to July 2025,None,NEP/GAA 2026,2025-3723,"October 20, 2025",26-01-0010,"7,800",20.00,0.00,,"October 20, 2025",0.00,,"October 27, 2025","October 31, 2025",12541678,2601-GOODS-06A,"November 7, 2025","November 20, 2025","November 20, 2025",,N/A,N/A,"January 19, 2026",,,,LCRB / SCRB,"January 19, 2026","January 20, 2026","March 17, 2026",,2026-01-19-0002,"March 17, 2026",26-03-0091,,NEOMED MARKETING,,"7,800",15.00,"117,000.00",,,"117,000.00",,,,Purchase Order,(RA 12009) Section 27: Competitive Bidding,(RA 12009) Section 27: Competitive Bidding,Main APP,"Supply and Delivery of Medical, Surgical and Related Supplies (Early Procurement Activities) for FY 2026",Initial,,bit.ly/MEDICALANDSURGICALSUPPLIES2026EPA,,,,,,,
1232,"Examination gloves, nitrile, Medium, 100's/box, without powder, ambidextrous, textured surface,0.05mm minimum thickness, 230mm minimum total lenght or cuff lenght preferably reaching above the wrist",Medical Supply,"7,200",Box,700.00,"5,040,000.00",Goods and Services,Yes,CSS - Stocks,"January 5, 2026",0001,x-x-x-x-x,March to July 2025,None,NEP/GAA 2026,2025-3723,"October 20, 2025",26-01-0010,"7,200",700.00,"5,040,000.00",,"October 20, 2025","5,040,000.00",,"October 27, 2025","October 31, 2025",12541678,2601-GOODS-06A,"November 7, 2025","November 20, 2025","November 20, 2025",,N/A,N/A,,,,,LCRB / SCRB,"January 19, 2026","January 20, 2026",,,2026-01-19-0002,,,,"IDS MEDICAL SYSTEM PHILIPPINES, INC.",,"7,200",250.00,"1,800,000.00",,,"1,800,000.00",,,,Awarded,(RA 12009) Section 27: Competitive Bidding,,Main APP,"Supply and Delivery of Medical, Surgical and Related Supplies (Early Procurement Activities) for FY 2026",Initial,,bit.ly/MEDICALANDSURGICALSUPPLIES2026EPA,,,,,,,
1232,"Examination gloves, nitrile, Medium, 100's/box, without powder, ambidextrous, textured surface,0.05mm minimum thickness, 230mm minimum total lenght or cuff lenght preferably reaching above the wrist",Medical Supply,"7,200",Box,700.00,0.00,Goods and Services,Yes,CSS - Stocks,"January 5, 2026",0001,x-x-x-x-x,March to July 2025,None,NEP/GAA 2026,2025-3723,"October 20, 2025",26-01-0010,"7,200",700.00,0.00,,"October 20, 2025",0.00,,"October 27, 2025","October 31, 2025",12541678,2601-GOODS-06A,"November 7, 2025","November 20, 2025","November 20, 2025",,N/A,N/A,"January 19, 2026",,,,LCRB / SCRB,"January 19, 2026","January 20, 2026","February 23, 2026",,2026-01-19-0002,"February 23, 2026",26-02-0030,,"IDS MEDICAL SYSTEM PHILIPPINES, INC.",,"7,200",250.00,"1,800,000.00",,,"1,800,000.00",,,,Purchase Order,(RA 12009) Section 27: Competitive Bidding,(RA 12009) Section 27: Competitive Bidding,Main APP,"Supply and Delivery of Medical, Surgical and Related Supplies (Early Procurement Activities) for FY 2026",Initial,,bit.ly/MEDICALANDSURGICALSUPPLIES2026EPA,,,,,,,
1233,"IV Support Splint, Neonate, lightweight anatomically designed, Ambidextrous to accomodate desired IV settings, with built-in adjustable velcro straps",Medical Supply,"6,000",Piece,55.00,"330,000.00",Goods and Services,Yes,CSS - Stocks,"January 5, 2026",0001,x-x-x-x-x,March to July 2025,None,NEP/GAA 2026,2025-3723,"October 20, 2025",26-01-0010,"6,000",55.00,0.00,,"October 20, 2025",0.00,,"October 27, 2025","October 31, 2025",12541678,2601-GOODS-06A,"November 7, 2025","November 20, 2025","November 20, 2025",,N/A,N/A,,,,,LCRB / SCRB,,,,,,,,,,,,,0.00,,,,,,,Failed,(RA 12009) Section 27: Competitive Bidding,,Main APP,"Supply and Delivery of Medical, Surgical and Related Supplies (Early Procurement Activities) for FY 2026",Initial,,bit.ly/MEDICALANDSURGICALSUPPLIES2026EPA,,,,,,,
1233,"IV Support Splint, Neonate, lightweight anatomically designed, Ambidextrous to accomodate desired IV settings, with built-in adjustable velcro straps",Medical Supply,"6,000",Piece,55.00,0.00,Goods and Services,Yes,CSS - Stocks,"January 5, 2026",0001,x-x-x-x-x,March to July 2025,None,NEP/GAA 2026,2025-3723,"October 20, 2025",26-01-0010,"6,000",55.00,"330,000.00",,"October 20, 2025","330,000.00",,"April 24, 2026","May 14, 2026",12986194,2601-GOODS-06B,"May 21, 2026","June 4, 2026","June 4, 2026","June 5, 2026","June 16, 2026","June 16, 2026","July 14, 2026",,,,LCRB / SCRB,,,,,G06B-2026-0-0310,,,,,,"6,000",,0.00,,,,,,,Failed,(RA 12009) Section 27: Competitive Bidding,,Main APP,"Supply and Delivery of Medical, Surgical and Related Supplies FY 2026 REBID",Rebid,supply-rebid,bit.ly/MEDICALSUPPLIESSUPPLIESFY2026REBID,,,,,,,
1234,"Asepto Irrigation Bulb Syringe 60mL capacity with tip cover, Sterile , Disposable",Medical Supply,"6,000",Piece,50.00,"300,000.00",Goods and Services,Yes,CSS - Stocks,"January 5, 2026",0001,x-x-x-x-x,March to July 2025,None,NEP/GAA 2026,2025-3723,"October 20, 2025",26-01-0010,"6,000",50.00,"300,000.00",,"October 20, 2025","300,000.00",,"October 27, 2025","October 31, 2025",12541678,2601-GOODS-06A,"November 7, 2025","November 20, 2025","November 20, 2025",,N/A,N/A,,,,,LCRB / SCRB,"January 19, 2026","January 20, 2026",,,2026-01-19-0002,,,,NEOMED MARKETING,,"6,000",48.00,"288,000.00",,,"288,000.00",,,,Awarded,(RA 12009) Section 27: Competitive Bidding,,Main APP,"Supply and Delivery of Medical, Surgical and Related Supplies (Early Procurement Activities) for FY 2026",Initial,,bit.ly/MEDICALANDSURGICALSUPPLIES2026EPA,,,,,,,
1234,"Asepto Irrigation Bulb Syringe 60mL capacity with tip cover, Sterile , Disposable",Medical Supply,"6,000",Piece,50.00,0.00,Goods and Services,Yes,CSS - Stocks,"January 5, 2026",0001,x-x-x-x-x,March to July 2025,None,NEP/GAA 2026,2025-3723,"October 20, 2025",26-01-0010,"6,000",50.00,0.00,,"October 20, 2025",0.00,,"October 27, 2025","October 31, 2025",12541678,2601-GOODS-06A,"November 7, 2025","November 20, 2025","November 20, 2025",,N/A,N/A,"January 19, 2026",,,,LCRB / SCRB,"January 19, 2026","January 20, 2026","March 17, 2026",,2026-01-19-0002,"March 17, 2026",26-03-0091,,NEOMED MARKETING,,"6,000",48.00,"288,000.00",,,"288,000.00",,,,Purchase Order,(RA 12009) Section 27: Competitive Bidding,(RA 12009) Section 27: Competitive Bidding,Main APP,"Supply and Delivery of Medical, Surgical and Related Supplies (Early Procurement Activities) for FY 2026",Initial,,bit.ly/MEDICALANDSURGICALSUPPLIES2026EPA,,,,,,,
1235,"Nasal Oxygen Cannula Adult, w/ pre attached non-kink tubing, standard tubing connector, twin catheter, sterile",Medical Supply,"6,000",Piece,25.00,"150,000.00",Goods and Services,Yes,CSS - Stocks,"January 5, 2026",0001,x-x-x-x-x,March to July 2025,None,NEP/GAA 2026,2025-3723,"October 20, 2025",26-01-0010,"6,000",25.00,"150,000.00",,"October 20, 2025","150,000.00",,"October 27, 2025","October 31, 2025",12541678,2601-GOODS-06A,"November 7, 2025","November 20, 2025","November 20, 2025",,N/A,N/A,,,,,LCRB / SCRB,"January 19, 2026","January 20, 2026",,,2026-01-19-0002,,,,NEOMED MARKETING,,"6,000",24.00,"144,000.00",,,"144,000.00",,,,Awarded,(RA 12009) Section 27: Competitive Bidding,,Main APP,"Supply and Delivery of Medical, Surgical and Related Supplies (Early Procurement Activities) for FY 2026",Initial,,bit.ly/MEDICALANDSURGICALSUPPLIES2026EPA,,,,,,,
1235,"Nasal Oxygen Cannula Adult, w/ pre attached non-kink tubing, standard tubing connector, twin catheter, sterile",Medical Supply,"6,000",Piece,25.00,0.00,Goods and Services,Yes,CSS - Stocks,"January 5, 2026",0001,x-x-x-x-x,March to July 2025,None,NEP/GAA 2026,2025-3723,"October 20, 2025",26-01-0010,"6,000",25.00,0.00,,"October 20, 2025",0.00,,"October 27, 2025","October 31, 2025",12541678,2601-GOODS-06A,"November 7, 2025","November 20, 2025","November 20, 2025",,N/A,N/A,"January 19, 2026",,,,LCRB / SCRB,"January 19, 2026","January 20, 2026","March 17, 2026",,2026-01-19-0002,"March 17, 2026",26-03-0091,,NEOMED MARKETING,,"6,000",24.00,"144,000.00",,,"144,000.00",,,,Purchase Order,(RA 12009) Section 27: Competitive Bidding,(RA 12009) Section 27: Competitive Bidding,Main APP,"Supply and Delivery of Medical, Surgical and Related Supplies (Early Procurement Activities) for FY 2026",Initial,,bit.ly/MEDICALANDSURGICALSUPPLIES2026EPA,,,,,,,
1236,"3-way stopcock, w/ at least 10cm extension tube, sterile",Medical Supply,"5,400",Piece,60.00,"324,000.00",Goods and Services,Yes,CSS - Stocks,"January 5, 2026",0001,x-x-x-x-x,March to July 2025,None,NEP/GAA 2026,2025-3723,"October 20, 2025",26-01-0010,"5,400",60.00,0.00,,"October 20, 2025",0.00,,"October 27, 2025","October 31, 2025",12541678,2601-GOODS-06A,"November 7, 2025","November 20, 2025","November 20, 2025",,N/A,N/A,,,,,LCRB / SCRB,,,,,,,,,,,,,0.00,,,,,,,Failed,(RA 12009) Section 27: Competitive Bidding,,Main APP,"Supply and Delivery of Medical, Surgical and Related Supplies (Early Procurement Activities) for FY 2026",Initial,,bit.ly/MEDICALANDSURGICALSUPPLIES2026EPA,,,,,,,
1236,"3-way stopcock, w/ at least 10cm extension tube, sterile",Medical Supply,"5,400",Piece,60.00,0.00,Goods and Services,Yes,CSS - Stocks,"January 5, 2026",0001,x-x-x-x-x,March to July 2025,None,NEP/GAA 2026,2025-3723,"October 20, 2025",26-01-0010,"5,400",60.00,"324,000.00",,"October 20, 2025","324,000.00",,"April 24, 2026","May 14, 2026",12986194,2601-GOODS-06B,"May 21, 2026","June 4, 2026","June 4, 2026","June 5, 2026","June 16, 2026","June 16, 2026","July 14, 2026",,,,LCRB / SCRB,,,,,G06B-2026-0-0310,,,,"GLOBAL CRITICARE, INC.",,"5,400",18.00,"97,200.00",,,"97,200.00",,,,Awarded,(RA 12009) Section 27: Competitive Bidding,,Main APP,"Supply and Delivery of Medical, Surgical and Related Supplies FY 2026 REBID",Rebid,supply-rebid,bit.ly/MEDICALSUPPLIESSUPPLIESFY2026REBID,,,,,,,
1237,"Disposable Isolation Protective Gown, Free Size, non-sterile, length: mid-calf, free-size, fluid-resistant solid front, rear opening, tie-back, long sleeved with elastic cuffs, single use/disposable, EU PPE Regulation 2016/425 Category III, CE Notifying Body must be declared, EU MDD 93/42/EEC Class I, EN 13795 any performance level, or AAMI PB70 all levels acceptable, or FDA Class I, ASTM F3352, at least GSM 80.",Medical Supply,"5,000",Piece,160.00,"800,000.00",Goods and Services,Yes,CSS - Stocks,"January 5, 2026",0001,x-x-x-x-x,March to July 2025,None,NEP/GAA 2026,2025-3723,"October 20, 2025",26-01-0010,"5,000",160.00,0.00,,"October 20, 2025",0.00,,"October 27, 2025","October 31, 2025",12541678,2601-GOODS-06A,"November 7, 2025","November 20, 2025","November 20, 2025",,N/A,N/A,,,,,LCRB / SCRB,,,,,,,,,,,,,0.00,,,,,,,Failed,(RA 12009) Section 27: Competitive Bidding,,Main APP,"Supply and Delivery of Medical, Surgical and Related Supplies (Early Procurement Activities) for FY 2026",Initial,,bit.ly/MEDICALANDSURGICALSUPPLIES2026EPA,,,,,,,
1237,"Disposable Isolation Protective Gown, Free Size, non-sterile, length: mid-calf, free-size, fluid-resistant solid front, rear opening, tie-back, long sleeved with elastic cuffs, single use/disposable, EU PPE Regulation 2016/425 Category III, CE Notifying Body must be declared, EU MDD 93/42/EEC Class I, EN 13795 any performance level, or AAMI PB70 all levels acceptable, or FDA Class I, ASTM F3352, at least GSM 80.",Medical Supply,"5,000",Piece,160.00,0.00,Goods and Services,Yes,CSS - Stocks,"January 5, 2026",0001,x-x-x-x-x,March to July 2025,None,NEP/GAA 2026,2025-3723,"October 20, 2025",26-01-0010,"5,000",160.00,"800,000.00",,"October 20, 2025","800,000.00",,"April 24, 2026","May 14, 2026",12986194,2601-GOODS-06B,"May 21, 2026","June 4, 2026","June 4, 2026","June 5, 2026","June 16, 2026","June 16, 2026","July 14, 2026",,,,LCRB / SCRB,,,,,G06B-2026-0-0310,,,,,,"5,000",,0.00,,,,,,,Failed,(RA 12009) Section 27: Competitive Bidding,,Main APP,"Supply and Delivery of Medical, Surgical and Related Supplies FY 2026 REBID",Rebid,supply-rebid,bit.ly/MEDICALSUPPLIESSUPPLIESFY2026REBID,,,,,,,
1238,"Cotton Absorbent Balls, surgical quality, soft, fluppy, white & fine fiber at least 1000 balls/pack.",Medical Supply,"4,800",Pack,250.00,"1,200,000.00",Goods and Services,Yes,CSS - Stocks,"January 5, 2026",0001,x-x-x-x-x,March to July 2025,None,NEP/GAA 2026,2025-3723,"October 20, 2025",26-01-0010,"4,800",250.00,"1,200,000.00",,"October 20, 2025","1,200,000.00",,"October 27, 2025","October 31, 2025",12541678,2601-GOODS-06A,"November 7, 2025","November 20, 2025","November 20, 2025",,N/A,N/A,,,,,LCRB / SCRB,"January 19, 2026","January 20, 2026",,,2026-01-19-0002,,,,"IDS MEDICAL SYSTEM PHILIPPINES, INC.",,"4,800",240.00,"1,152,000.00",,,"1,152,000.00",,,,Awarded,(RA 12009) Section 27: Competitive Bidding,,Main APP,"Supply and Delivery of Medical, Surgical and Related Supplies (Early Procurement Activities) for FY 2026",Initial,,bit.ly/MEDICALANDSURGICALSUPPLIES2026EPA,,,,,,,
1238,"Cotton Absorbent Balls, surgical quality, soft, fluppy, white & fine fiber at least 1000 balls/pack.",Medical Supply,"4,800",Pack,250.00,0.00,Goods and Services,Yes,CSS - Stocks,"January 5, 2026",0001,x-x-x-x-x,March to July 2025,None,NEP/GAA 2026,2025-3723,"October 20, 2025",26-01-0010,"4,800",250.00,0.00,,"October 20, 2025",0.00,,"October 27, 2025","October 31, 2025",12541678,2601-GOODS-06A,"November 7, 2025","November 20, 2025","November 20, 2025",,N/A,N/A,"January 19, 2026",,,,LCRB / SCRB,"January 19, 2026","January 20, 2026","February 23, 2026",,2026-01-19-0002,"February 23, 2026",26-02-0030,,"IDS MEDICAL SYSTEM PHILIPPINES, INC.",,"4,800",240.00,"1,152,000.00",,,"1,152,000.00",,,,Purchase Order,(RA 12009) Section 27: Competitive Bidding,(RA 12009) Section 27: Competitive Bidding,Main APP,"Supply and Delivery of Medical, Surgical and Related Supplies (Early Procurement Activities) for FY 2026",Initial,,bit.ly/MEDICALANDSURGICALSUPPLIES2026EPA,,,,,,,
1239,"IV Starter Kit

Contents: 
1 pc Alcohol 70% Swab
1 pc Povidone-Iodine Swab,
1 pc Gauze Swab, sterile
1 roll Surgical Plaster Tape, 1 inch
1 pc Tourniquet elastic flat rubber 
1 pc IV site transparent dressing, adult
1 pc IV site sticker label
1 pair Examination Gloves Nitrile, medium",Medical Supply,"4,800",Kit,120.00,"576,000.00",Goods and Services,Yes,CSS - Stocks,"January 5, 2026",0001,x-x-x-x-x,March to July 2025,None,NEP/GAA 2026,2025-3723,"October 20, 2025",26-01-0010,"4,800",120.00,0.00,,"October 20, 2025",0.00,,"October 27, 2025","October 31, 2025",12541678,2601-GOODS-06A,"November 7, 2025","November 20, 2025","November 20, 2025",,N/A,N/A,,,,,LCRB / SCRB,,,,,,,,,,,,,0.00,,,,,,,Failed,(RA 12009) Section 27: Competitive Bidding,,Main APP,"Supply and Delivery of Medical, Surgical and Related Supplies (Early Procurement Activities) for FY 2026",Initial,,bit.ly/MEDICALANDSURGICALSUPPLIES2026EPA,,,,,,,
1239,"IV Starter Kit

Contents: 
1 pc Alcohol 70% Swab
1 pc Povidone-Iodine Swab,
1 pc Gauze Swab, sterile
1 roll Surgical Plaster Tape, 1 inch
1 pc Tourniquet elastic flat rubber 
1 pc IV site transparent dressing, adult
1 pc IV site sticker label
1 pair Examination Gloves Nitrile, medium",Medical Supply,"4,800",Kit,120.00,0.00,Goods and Services,Yes,CSS - Stocks,"January 5, 2026",0001,x-x-x-x-x,March to July 2025,None,NEP/GAA 2026,2025-3723,"October 20, 2025",26-01-0010,"4,800",120.00,"576,000.00",,"October 20, 2025","576,000.00",,"April 24, 2026","May 14, 2026",12986194,2601-GOODS-06B,"May 21, 2026","June 4, 2026","June 4, 2026","June 5, 2026","June 16, 2026","June 16, 2026","July 14, 2026",,,,LCRB / SCRB,,,,,G06B-2026-0-0310,,,,,,"4,800",,0.00,,,,,,,Failed,(RA 12009) Section 27: Competitive Bidding,,Main APP,"Supply and Delivery of Medical, Surgical and Related Supplies FY 2026 REBID",Rebid,supply-rebid,bit.ly/MEDICALSUPPLIESSUPPLIESFY2026REBID,,,,,,,
1240,"Povidone Iodine 10%, 30 mL/bottle, reddish brown with mild iodine smell, ph of 3.0 to 5.5, no bluish color produced on filter paper within 60 seconds, with CE or its equivalent",Medical Supply,"4,800",Bottle,35.00,"168,000.00",Goods and Services,Yes,CSS - Stocks,"January 5, 2026",0001,x-x-x-x-x,March to July 2025,None,NEP/GAA 2026,2025-3723,"October 20, 2025",26-01-0010,"4,800",35.00,0.00,,"October 20, 2025",0.00,,"October 27, 2025","October 31, 2025",12541678,2601-GOODS-06A,"November 7, 2025","November 20, 2025","November 20, 2025",,N/A,N/A,,,,,LCRB / SCRB,,,,,,,,,,,,,0.00,,,,,,,Failed,(RA 12009) Section 27: Competitive Bidding,,Main APP,"Supply and Delivery of Medical, Surgical and Related Supplies (Early Procurement Activities) for FY 2026",Initial,,bit.ly/MEDICALANDSURGICALSUPPLIES2026EPA,,,,,,,
1240,"Povidone Iodine 10%, 30 mL/bottle, reddish brown with mild iodine smell, ph of 3.0 to 5.5, no bluish color produced on filter paper within 60 seconds, with CE or its equivalent",Medical Supply,"4,800",Bottle,35.00,0.00,Goods and Services,Yes,CSS - Stocks,"January 5, 2026",0001,x-x-x-x-x,March to July 2025,None,NEP/GAA 2026,2025-3723,"October 20, 2025",26-01-0010,"4,800",35.00,"168,000.00",,"October 20, 2025","168,000.00",,"April 24, 2026","May 14, 2026",12986194,2601-GOODS-06B,"May 21, 2026","June 4, 2026","June 4, 2026","June 5, 2026","June 16, 2026","June 16, 2026","July 14, 2026",,,,LCRB / SCRB,,,,,G06B-2026-0-0310,,,,,,"4,800",,0.00,,,,,,,Failed,(RA 12009) Section 27: Competitive Bidding,,Main APP,"Supply and Delivery of Medical, Surgical and Related Supplies FY 2026 REBID",Rebid,supply-rebid,bit.ly/MEDICALSUPPLIESSUPPLIESFY2026REBID,,,,,,,
1241,"Suction catheter Fr. 5, w/thumb control valve,  53cm, disposable, sterile",Medical Supply,"4,800",Piece,20.00,"96,000.00",Goods and Services,Yes,CSS - Stocks,"January 5, 2026",0001,x-x-x-x-x,March to July 2025,None,NEP/GAA 2026,2025-3723,"October 20, 2025",26-01-0010,"4,800",20.00,"96,000.00",,"October 20, 2025","96,000.00",,"October 27, 2025","October 31, 2025",12541678,2601-GOODS-06A,"November 7, 2025","November 20, 2025","November 20, 2025",,N/A,N/A,,,,,LCRB / SCRB,"January 19, 2026","January 20, 2026",,,2026-01-19-0002,,,,NEOMED MARKETING,,"4,800",15.00,"72,000.00",,,"72,000.00",,,,Awarded,(RA 12009) Section 27: Competitive Bidding,,Main APP,"Supply and Delivery of Medical, Surgical and Related Supplies (Early Procurement Activities) for FY 2026",Initial,,bit.ly/MEDICALANDSURGICALSUPPLIES2026EPA,,,,,,,
1241,"Suction catheter Fr. 5, w/thumb control valve,  53cm, disposable, sterile",Medical Supply,"4,800",Piece,20.00,0.00,Goods and Services,Yes,CSS - Stocks,"January 5, 2026",0001,x-x-x-x-x,March to July 2025,None,NEP/GAA 2026,2025-3723,"October 20, 2025",26-01-0010,"4,800",20.00,0.00,,"October 20, 2025",0.00,,"October 27, 2025","October 31, 2025",12541678,2601-GOODS-06A,"November 7, 2025","November 20, 2025","November 20, 2025",,N/A,N/A,"January 19, 2026",,,,LCRB / SCRB,"January 19, 2026","January 20, 2026","March 17, 2026",,2026-01-19-0002,"March 17, 2026",26-03-0091,,NEOMED MARKETING,,"4,800",15.00,"72,000.00",,,"72,000.00",,,,Purchase Order,(RA 12009) Section 27: Competitive Bidding,(RA 12009) Section 27: Competitive Bidding,Main APP,"Supply and Delivery of Medical, Surgical and Related Supplies (Early Procurement Activities) for FY 2026",Initial,,bit.ly/MEDICALANDSURGICALSUPPLIES2026EPA,,,,,,,
1242,"Suction Poole Abdominal Drain Set, sterile, at least 210cm, transparent connecting tube, with universal connecting tip and yankauer typer smooth tip, with large perforation, disposable",Medical Supply,"4,200",Piece,300.00,"1,260,000.00",Goods and Services,Yes,CSS - Stocks,"January 5, 2026",0001,x-x-x-x-x,March to July 2025,None,NEP/GAA 2026,2025-3723,"October 20, 2025",26-01-0010,"4,200",300.00,"1,260,000.00",,"October 20, 2025","1,260,000.00",,"October 27, 2025","October 31, 2025",12541678,2601-GOODS-06A,"November 7, 2025","November 20, 2025","November 20, 2025",,N/A,N/A,,,,,LCRB / SCRB,"January 19, 2026","January 20, 2026",,,2026-01-19-0002,,,,VARIANCE TRADING CORPORATION,,"4,200",148.00,"621,600.00",,,"621,600.00",,,,Awarded,(RA 12009) Section 27: Competitive Bidding,,Main APP,"Supply and Delivery of Medical, Surgical and Related Supplies (Early Procurement Activities) for FY 2026",Initial,,bit.ly/MEDICALANDSURGICALSUPPLIES2026EPA,,,,,,,
1242,"Suction Poole Abdominal Drain Set, sterile, at least 210cm, transparent connecting tube, with universal connecting tip and yankauer typer smooth tip, with large perforation, disposable",Medical Supply,"4,200",Piece,300.00,0.00,Goods and Services,Yes,CSS - Stocks,"January 5, 2026",0001,x-x-x-x-x,March to July 2025,None,NEP/GAA 2026,2025-3723,"October 20, 2025",26-01-0010,"4,200",300.00,0.00,,"October 20, 2025",0.00,,"October 27, 2025","October 31, 2025",12541678,2601-GOODS-06A,"November 7, 2025","November 20, 2025","November 20, 2025",,N/A,N/A,"January 19, 2026",,,,LCRB / SCRB,"January 19, 2026","January 20, 2026","February 23, 2026",,2026-01-19-0002,"February 23, 2026",26-02-0039,,VARIANCE TRADING CORPORATION,,"4,200",148.00,"621,600.00",,,"621,600.00",,,,Purchase Order,(RA 12009) Section 27: Competitive Bidding,(RA 12009) Section 27: Competitive Bidding,Main APP,"Supply and Delivery of Medical, Surgical and Related Supplies (Early Procurement Activities) for FY 2026",Initial,,bit.ly/MEDICALANDSURGICALSUPPLIES2026EPA,,,,,,,
1243,"Hydrogen Peroxide, 3% solution at least 120mL bottle",Medical Supply,"4,200",Bottle,30.00,"126,000.00",Goods and Services,Yes,CSS - Stocks,"January 5, 2026",0001,x-x-x-x-x,March to July 2025,None,NEP/GAA 2026,2025-3723,"October 20, 2025",26-01-0010,"4,200",30.00,"126,000.00",,"October 20, 2025","126,000.00",,"October 27, 2025","October 31, 2025",12541678,2601-GOODS-06A,"November 7, 2025","November 20, 2025","November 20, 2025",,N/A,N/A,,,,,LCRB / SCRB,"January 19, 2026","January 20, 2026",,,2026-01-19-0002,,,,GENACE PHARMA DISTRIBUTOR,,"4,200",25.00,"105,000.00",,,"105,000.00",,,,Awarded,(RA 12009) Section 27: Competitive Bidding,,Main APP,"Supply and Delivery of Medical, Surgical and Related Supplies (Early Procurement Activities) for FY 2026",Initial,,bit.ly/MEDICALANDSURGICALSUPPLIES2026EPA,,,,,,,
1243,"Hydrogen Peroxide, 3% solution at least 120mL bottle",Medical Supply,"4,200",Bottle,30.00,0.00,Goods and Services,Yes,CSS - Stocks,"January 5, 2026",0001,x-x-x-x-x,March to July 2025,None,NEP/GAA 2026,2025-3723,"October 20, 2025",26-01-0010,"4,200",30.00,0.00,,"October 20, 2025",0.00,,"October 27, 2025","October 31, 2025",12541678,2601-GOODS-06A,"November 7, 2025","November 20, 2025","November 20, 2025",,N/A,N/A,"January 19, 2026",,,,LCRB / SCRB,"January 19, 2026","January 20, 2026","February 23, 2026",,2026-01-19-0002,"February 23, 2026",26-02-0038,,GENACE PHARMA DISTRIBUTOR,,"4,200",25.00,"105,000.00",,,"105,000.00",,,,Purchase Order,(RA 12009) Section 27: Competitive Bidding,(RA 12009) Section 27: Competitive Bidding,Main APP,"Supply and Delivery of Medical, Surgical and Related Supplies (Early Procurement Activities) for FY 2026",Initial,,bit.ly/MEDICALANDSURGICALSUPPLIES2026EPA,,,,,,,
1244,"Surgical Gloves size 6.0, sterile, 50's or 100's/box,  powder-free, long cuffs: reaching above the wrist to mid-forearm, minimum thickness of 0.10mm, anatomical curved fingers, natural rubber, straight cuff, micro-textured, with CE standards or its equivalent",Medical Supply,"4,200",Pair,25.00,"105,000.00",Goods and Services,Yes,CSS - Stocks,"January 5, 2026",0001,x-x-x-x-x,March to July 2025,None,NEP/GAA 2026,2025-3723,"October 20, 2025",26-01-0010,"4,200",25.00,0.00,,"October 20, 2025",0.00,,"October 27, 2025","October 31, 2025",12541678,2601-GOODS-06A,"November 7, 2025","November 20, 2025","November 20, 2025",,N/A,N/A,,,,,LCRB / SCRB,,,,,,,,,,,,,0.00,,,,,,,Failed,(RA 12009) Section 27: Competitive Bidding,,Main APP,"Supply and Delivery of Medical, Surgical and Related Supplies (Early Procurement Activities) for FY 2026",Initial,,bit.ly/MEDICALANDSURGICALSUPPLIES2026EPA,,,,,,,
1244,"Surgical Gloves size 6.0, sterile, 50's or 100's/box,  powder-free, long cuffs: reaching above the wrist to mid-forearm, minimum thickness of 0.10mm, anatomical curved fingers, natural rubber, straight cuff, micro-textured, with CE standards or its equivalent",Medical Supply,"4,200",Pair,25.00,0.00,Goods and Services,Yes,CSS - Stocks,"January 5, 2026",0001,x-x-x-x-x,March to July 2025,None,NEP/GAA 2026,2025-3723,"October 20, 2025",26-01-0010,"4,200",25.00,"105,000.00",,"October 20, 2025","105,000.00",,"April 24, 2026","May 14, 2026",12986194,2601-GOODS-06B,"May 21, 2026","June 4, 2026","June 4, 2026","June 5, 2026","June 16, 2026","June 16, 2026","July 14, 2026",,,,LCRB / SCRB,,,,,G06B-2026-0-0310,,,,,,"4,200",,0.00,,,,,,,Failed,(RA 12009) Section 27: Competitive Bidding,,Main APP,"Supply and Delivery of Medical, Surgical and Related Supplies FY 2026 REBID",Rebid,supply-rebid,bit.ly/MEDICALSUPPLIESSUPPLIESFY2026REBID,,,,,,,
1245,"Rubbing Alcohol 70%, Isopropyl, 500mL per bottle, preferably  unscented or with pleasant smell.",Medical Supply,"4,032",Bottle,80.00,"322,560.00",Goods and Services,Yes,CSS - Stocks,"January 5, 2026",0001,x-x-x-x-x,March to July 2025,None,NEP/GAA 2026,2025-3723,"October 20, 2025",26-01-0010,"4,032",80.00,"322,560.00",,"October 20, 2025","322,560.00",,"October 27, 2025","October 31, 2025",12541678,2601-GOODS-06A,"November 7, 2025","November 20, 2025","November 20, 2025",,N/A,N/A,,,,,LCRB / SCRB,"January 19, 2026","January 20, 2026",,,2026-01-19-0002,,,,GENACE PHARMA DISTRIBUTOR,,"4,032",68.00,"274,176.00",,,"274,176.00",,,,Awarded,(RA 12009) Section 27: Competitive Bidding,,Main APP,"Supply and Delivery of Medical, Surgical and Related Supplies (Early Procurement Activities) for FY 2026",Initial,,bit.ly/MEDICALANDSURGICALSUPPLIES2026EPA,,,,,,,
1245,"Rubbing Alcohol 70%, Isopropyl, 500mL per bottle, preferably  unscented or with pleasant smell.",Medical Supply,"4,032",Bottle,80.00,0.00,Goods and Services,Yes,CSS - Stocks,"January 5, 2026",0001,x-x-x-x-x,March to July 2025,None,NEP/GAA 2026,2025-3723,"October 20, 2025",26-01-0010,"4,032",80.00,0.00,,"October 20, 2025",0.00,,"October 27, 2025","October 31, 2025",12541678,2601-GOODS-06A,"November 7, 2025","November 20, 2025","November 20, 2025",,N/A,N/A,"January 19, 2026",,,,LCRB / SCRB,"January 19, 2026","January 20, 2026","February 23, 2026",,2026-01-19-0002,"February 23, 2026",26-02-0038,,GENACE PHARMA DISTRIBUTOR,,"4,032",68.00,"274,176.00",,,"274,176.00",,,,Purchase Order,(RA 12009) Section 27: Competitive Bidding,(RA 12009) Section 27: Competitive Bidding,Main APP,"Supply and Delivery of Medical, Surgical and Related Supplies (Early Procurement Activities) for FY 2026",Initial,,bit.ly/MEDICALANDSURGICALSUPPLIES2026EPA,,,,,,,
1787,"T-bollard, H=42"" base=16""",Construction Supply,120,Set,"2,135.00",0.00,Goods and Services,No,Security Unit,"January 5, 2026",0001,x-x-x-x-x,March to July 2025,None,,,,,,,0.00,,,,,,,,,,,,,N/A,N/A,,,,,,,,,,,,,,,,,,0.00,,,,,,,Realigned Item,(RA 12009) Section 27: Competitive Bidding,,Main APP,,Initial,"realigned for various supplies, equipment, training",,,,,,,,